日付,モード,イベント名,体重,歩数,歩数ランク,睡眠時間,朝,昼,夜,間食,仕事中のドリンク,推定摂取カロリー,筋トレ有無,筋トレ内容,体調,飲酒,飲酒内容,飲酒レベル,今日の採点,コメント,朝カロリー(kcal),昼カロリー(kcal),夜カロリー(kcal),間食カロリー(kcal),ドリンクカロリー(kcal),ベンチプレス(kg),カロリー推定信頼度,Body Score,手動Body Score,Body Score種別,体重スコア,食事スコア,タンパク質スコア,歩数スコア,筋トレスコア,睡眠スコア,体調スコア,飲酒スコア,タンパク質(g),脂質(g),炭水化物(g),カロリー不明件数,筋トレセッション数,筋トレ種目数,筋トレセット数,筋トレ時間(分),構造化食事JSON,構造化筋トレJSON,Import ID,Import Schema Version
2026-06-27,NORMAL,,84.8,9016,B,7.0,伊藤園 理想のトマト,ゼッテリア 絶品チーズバーガーセット,なか卯 親子丼（並・きみのせ）、はいからうどん、サラダ,オイコス、からあげクン、プロテイン、ジム前補食,,1830.0,あり,"{'performed': True, 'menu': ['ベンチプレス', '懸垂', 'ショルダープレス', 'レッグプレス', '腕スーパーセット', 'レッグレイズ']}",5.0,,,,0,,300.0,750.0,550.0,230.0,0.0,0.0,,91,78.0,auto,11,20,12,8,10,10,10,10,,,,0.0,0.0,0.0,0.0,,,,,
2026-06-28,EVENT,彼女との焼肉,83.8,10952,A,6.5,伊藤園 理想のトマト、山形食パン2枚,Subway メキシカンミートタコス、ポテト、コーヒー,焼肉,,,1170.0,なし,"{'performed': False, 'menu': []}",4.0,,,,0,,300.0,20.0,850.0,0.0,0.0,0.0,,78,74.0,auto,12,16,8,9,7,8,8,10,,,,0.0,0.0,0.0,0.0,,,,,
2026-06-29,NORMAL,,84.8,10000,A,7.0,伊藤園 理想のトマト、ZAVAS MILK PROTEIN（バナナ）、ロールパン1個,鶏美神 マグロネギトロ丼定食（ご飯大盛り）,すき家 旨だしとりそぼろ丼（並）、サラダ（ごまドレ）、豚汁、納豆、めかぶ,GABAミルクチョコ、ファミマ グリルチキン（ブラックペッパー）、赤飯おにぎり,"['Craft BOSS Black', 'コーン茶', 'モンスター']",3090.0,あり,"{'performed': True, 'menu': ['スクワット（スミスマシン）79kg×7、91.5kg×9,8,8,10', 'ベントオーバーロウ 80kg×10×4', 'RDL 75kg×10×4', 'インクラインダンベルプレス 22kg×20,12、30kg×15,15,10', 'サイドレイズ 18kg×20×4']}",8.0,,,,0,,300.0,1540.0,100.0,1050.0,100.0,0.0,,83,92.0,auto,11,10,15,9,10,10,8,10,,,,0.0,0.0,0.0,0.0,,,,,
2026-06-30,EVENT,仕事後の飲み会,84.2,3493,D,3.83,オイコス PRO バニラ味、伊藤園 理想のトマト,グリルチキン（ブラックペッパー）、紅鮭おにぎり、半熟ゆで卵,魚料理中心の居酒屋,おかき（71kcal）、シミコーン（小袋）,"['コーヒー', 'ドデカミンストロング 300ml', 'モンスター', 'ジャスミン茶', 'ビール 1杯', '濃いめハイボール 約7杯']",2081.0,なし,なし,7.0,True,,,0,,100.0,840.0,850.0,71.0,220.0,0.0,,78,76.0,auto,12,20,15,3,7,4,7,10,,,,0.0,0.0,0.0,0.0,,,,,
2026-07-01,NORMAL,,0.0,6990,C,7.17,伊藤園 理想のトマト,温羅 煮干しぶっかけうどん、とり天1個,松屋 旨辛ネギ玉牛めし（並）、豚汁、めかぶ,HARIBO ハッピーコーラ80g、ポテトチップス小袋（128kcal）,"['コーヒー', 'アミノサプリ']",2428.0,なし,なし,8.0,False,,none,0,,300.0,1130.0,850.0,128.0,20.0,0.0,,52,52.0,auto,0,15,3,6,0,10,8,10,,,,0.0,0.0,0.0,0.0,,,,,
2026-07-02,NORMAL,,84.2,6342,C,6.0,伊藤園 理想のトマト,オイコス PRO（バナナ）、サラダチキン（ハーブ）、岩塩で食べる蒸し鶏オクラ、おすし屋さんのだし巻き卵（米入り）,松屋 牛めし（並）、豚汁、生卵、納豆、めかぶ,串団子（ジム前補給）、赤飯おにぎり（ジム前補給）,"['コーヒー', 'レモン炭酸水', 'ドデカミンストロング']",1420.0,あり,"ベンチプレス 90kg×5×4、85kg×6 / 懸垂 10,10,8,8 / バーベルスクワット 95kg 7,7,7,8 / ダンベルロー 32kg×10、34kg×10×2 / ケーブルプレスダウン 28.25kg×7、23.75kg×5,15,13 / レッグレイズ 20回×3",8.0,False,,none,0,,300.0,600.0,80.0,420.0,20.0,0.0,,84,84.0,auto,12,15,15,6,10,8,8,10,,,,0.0,0.0,0.0,0.0,,,,,
2026-07-03,NORMAL,筑波出張,83.7,13134,S,6.0,伊藤園 理想のトマト,龍介つけ麺 大盛,なし,オイコス PRO カフェラテ味（タンパク質18g）、ゆで卵2個,"['polka coffee 黒糖ミルクコーヒー', 'モンスター', 'マウンテンデュー']",2250.0,なし,なし,8.0,False,,none,0,,300.0,750.0,850.0,330.0,20.0,0.0,,80,80.0,auto,12,20,12,10,0,8,8,10,,,,0.0,0.0,0.0,0.0,,,,,
2026-07-04,EVENT,社内イベント,83.0,6731,C,7.0,伊藤園 理想のトマト、NewDays チキン＆エッグ（トマトソース）,温羅 鬼おろし肉ぶっかけうどん（並）、とり天1個,手作り生姜焼き、サラダ、ご飯,オイコス PRO バナナ味、イベントでバカうけ・カントリーマアム・ホームパイを少量、自家製ベーグル（有塩バター7g）,"['BOSS 微糖ショート缶', 'カルピス500ml']",2540.0,あり,,8.0,False,,none,0,,200.0,1780.0,360.0,100.0,100.0,0.0,,91,91.0,auto,12,20,15,6,10,10,8,10,,,,0.0,0.0,0.0,0.0,,,,,
2026-07-05,NORMAL,,84.0,12836,S,5.5,ソーセージエッグマフィン、ハッシュポテト、アイスコーヒー,ベーグル（卵1個・有塩バター7g）、納豆、ジョンソンヴィル1本,舞茸おにぎり、納豆、SAVAS のむヨーグルト、伊藤園 理想のトマト,,['Nope'],750.0,なし,なし,7.0,False,,none,0,,280.0,80.0,290.0,0.0,100.0,0.0,,65,65.0,auto,12,6,15,10,0,5,7,10,,,,0.0,0.0,0.0,0.0,,,,,
2026-07-06,EVENT,仕事後の飲み会,83.2,5133,D,6.0,伊藤園 理想のトマト、赤飯おにぎり、SAVAS ミルクプロテイン バナナ味,恵比寿 いっちょかみ 若鶏の唐揚げ定食（ご飯大盛り）,飲み会（唐揚げ2切れ、低カロリー系おつまみ、土鍋ご飯 約0.7膳）,18:10 オイコスPRO 高たんぱくドリンク バニラ味,"['コーヒー', 'アールグレイ茶', 'レッドブル', 'ビール1杯', 'ハイボール4杯']",2650.0,なし,なし,7.0,True,ビール1杯、ハイボール4杯,regular,0,,450.0,730.0,910.0,100.0,460.0,0.0,medium,77,77.0,auto,12,20,15,3,7,8,7,5,,,,0.0,0.0,0.0,0.0,,,,,
2026-07-07,NORMAL,,83.5,5055,D,4.5,伊藤園 理想のトマト,ファミマ 至福の冷製和え麺、ゆで卵1個、クリスピーチキン（プレーン）,なし,カルビー ポテトチップス 超薄切り40g、蒟蒻畑 温州みかん3個,"['コーヒー', 'お茶', 'ライオンコーヒー バニラキャラメルカフェオレ', 'モンスターエナジー']",2000.0,なし,なし,6.0,False,,none,0,,70.0,580.0,850.0,200.0,300.0,0.0,low,65,65.0,auto,12,20,12,3,0,2,6,10,,,,0.0,0.0,0.0,0.0,,,,,
2026-07-08,NORMAL,,83.3,8460,B,7.5,伊藤園 理想のトマト,顧客訪問先でサンドイッチ,白ご飯180g、納豆、めかぶ、卵2個、サラダ、オクラのネバネバサラダ,オイコスPROドリンク バナナ味、山崎みたらし団子、オイコスPROバニラ味、からあげクンレッド,"['ウィルキンソン レモン炭酸水', 'アイスココア（顧客提供）', '午後の紅茶 レモンティー（顧客提供）']",2730.0,あり,"ベンチプレス 80kg 5,6,6,6 / ルーマニアンデッドリフト 80kg 10,10,10,10 / 懸垂 自重 10,10,9,8 / ダンベルベンチプレス 34kg 10,8,8 / ブルガリアンスクワット 20kg×2 10回×3 / フェイスプル 28.5kg 15,15,15 / EZケーブルカール 21.25kg 12回×3 / ローププレスダウン 26.25kg 15回×3",8.0,False,,none,0,,70.0,750.0,730.0,440.0,740.0,0.0,low,83,83.0,auto,12,10,15,8,10,10,8,10,,,,0.0,0.0,0.0,0.0,,,,,
2026-07-09,EVENT,,83.4,12535,S,7.5,食パン2枚（バター14g）、伊藤園 理想のトマト,昼食なし（顧客訪問のため食べられず）,飲み会で少量の料理、帰宅後 チョコモナカジャンボ1個、焼き芋95g,バーガーキング チーズBBQステーキワッパーセット（ポテト・コーラM）、ナゲット,"['KIRIN FIRE One Day Latte', '麦ソーダ割り×10', 'ワイン×3', 'コーラM']",1842.0,なし,なし,7.0,True,麦ソーダ割り10杯、ワイン3杯,high,0,,242.0,750.0,550.0,200.0,100.0,0.0,low,71,71.0,auto,12,20,3,10,7,10,7,2,,,,0.0,0.0,0.0,0.0,,,,,
2026-07-10,NORMAL,,83.4,9638,B,7.5,伊藤園 理想のトマト,ファミマ 冷製よだれ鶏、味付けゆでたまご、クリスピーチキン,すき家 旨だしとりそぼろ丼、チョレギサラダ、豚汁,ファミチキ、SAVAS BIO PRO,[],1270.0,あり,"ベンチプレス 60kg×10、92.5kg 4,5,5,5 / 懸垂 10,6+4,8,9 / ダンベルロー 32kg×10、36kg 10×3 / ショルダープレス 22kg 12,12、28kg 10,10,10 / プレスダウン 26.25kg 10+5（重量がやや重く感じた）",7.0,False,,none,0,,70.0,430.0,400.0,270.0,100.0,0.0,low,78,78.0,auto,12,6,15,8,10,10,7,10,,,,0.0,0.0,0.0,0.0,,,,,
2026-07-11,EVENT,,83.7,8211,B,8.5,伊藤園 理想のトマト,刺身定食（刺身盛り合わせ、ご飯大盛り、味噌汁、漬物）,BBQ（牛肉、豚肉、鶏肉、海鮮など）、ビール、日本酒、ワイン,,"['伊藤園 理想のトマト', 'ビール', '日本酒', 'ワイン']",3510.0,なし,なし,8.0,True,ビール、日本酒、ワイン,high,0,,70.0,1760.0,1250.0,0.0,430.0,0.0,medium,75,75.0,auto,12,16,12,8,7,10,8,2,,,,0.0,0.0,0.0,0.0,,,,,
2026-07-12,EVENT,,0.0,7549,C,8.0,,二郎系ラーメン（麺400g、生卵、豚、もやし、ニンニク）,たこ焼き9個、串揚げ6本,,"['ビール（少量）', 'レモンサワー1杯']",2820.0,なし,なし,8.0,True,ビール少量、レモンサワー1杯,low,0,,0.0,1530.0,850.0,0.0,440.0,0.0,low,67,67.0,auto,0,20,8,6,7,10,8,8,,,,0.0,0.0,0.0,0.0,,,,,
2026-07-13,NORMAL,,83.6,4587,D,8.0,伊藤園 トマトジュース、こんにゃくゼリー 1個,二郎系ラーメン（麺400g）,松屋 ねぎ玉牛丼（並）、豚汁,高吸収プロテインドリンク 240ml、スターバックス GRAB&GO AROMA LATTE 500ml、サラダチキン プレーン,,2610.0,なし,なし,8.0,ビール 少量、レモンサワー 1杯,,,0,旅行2日目。昼は二郎系ラーメン（麺400g）、夜はたこ焼き9個・串揚げ6本・ビール少量・レモンサワー1杯。その翌朝は83.6kg・睡眠8時間・体調8。7/13は仕事が長引きジムには行けず、夕方に高吸収プロテイン・スターバックス GRAB&GO AROMA LATTE・サラダチキンで補給後、夜は松屋のねぎ玉牛丼（並）と豚汁を摂取。,190.0,1000.0,1050.0,370.0,0.0,0.0,medium,71,71.0,auto,12,15,15,3,0,10,8,8,,,,0.0,0.0,0.0,0.0,,,,,
2026-07-14,NORMAL,,84.2,6951,C,5.5,伊藤園 トマトジュース、こんにゃくゼリー 1個,温羅 胡麻ダレ肉ぶっかけうどん（並）、とり天 1個,松屋 牛めし（並）、生野菜、冷奴、味噌汁,オイコス PRO ドリンク、ローソン ゆで卵 2個、SAVAS BIO PRO ヨーグルト味,,2330.0,あり,"① インクラインダンベルプレス：22kg 12,10 / 30kg 12,12,12,12（次回32kgへ昇格） ② ラットプルダウン：66kg 12,12,12,10 ③ レッグプレス：203kg 10 / 273kg 12（膝を軽く補助） ④ ダンベルショルダープレス：22kg 12 / 28kg 11,11,11 ⑤ サイドレイズ：14kg 15,15,15 ⑥ EZバーカール：未実施",7.0,,,,0,仕事終了20:15、20:45帰宅。睡眠時間が5.5時間と短かったが、フォームを意識してトレーニングを実施。インクラインダンベルプレスは30kgで12回×4セットを達成し、次回から32kgへ昇格。ラットプルダウン、ショルダープレス、サイドレイズも前回より改善。レッグプレスは273kgへ増量して挑戦。トレーニング後は松屋で回復を意識した食事を選択。,190.0,950.0,780.0,410.0,0.0,0.0,medium,80,80.0,auto,12,15,15,6,10,5,7,10,,,,0.0,0.0,0.0,0.0,,,,,
2026-07-15,NORMAL,,83.7,7610,C,6.5,伊藤園 トマトジュース、こんにゃくゼリー 2個,オイコス PRO ドリンク（バナナ）、赤飯おにぎり、味付けゆでたまご 2個、みたらし団子 3本,焼鳥を中心とした鶏料理、野菜、フライドポテト、唐揚げ,BALANCE POWER BIG ほろにがカカオ 4本（2袋）,コーヒー、優しい麦茶、モンスターエナジー 1本,2410.0,なし,なし,7.0,ビール 1杯、ハイボール 6杯、レッドブルウォッカ 1杯,,,0,"夜は飲み会。焼鳥・鶏料理・野菜を中心に食べるよう意識したが、途中でフライドポテトや唐揚げも食べた。飲酒量はビール1杯、ハイボール6杯、レッドブルウォッカ1杯。歩数は7,610歩（うち24時以降1,940歩）。翌朝体重は82.8kgまで減少したが、飲酒後の一時的な水分変動の影響も考えられるため、数日平均で推移を確認する。",190.0,790.0,950.0,200.0,280.0,0.0,low,68,68.0,auto,12,15,15,6,0,8,7,5,,,,0.0,0.0,0.0,0.0,,,,,
2026-07-16,NORMAL,,82.8,5400,D,7.0,伊藤園 トマトジュース,オイコス PRO（バニラ）、NewDays『たんぱく質が摂れる！チキン&エッグ（トマトソース）』,魚料理を中心にした飲み会,BALANCE POWER BIG ほろにがカカオ 4本（2袋）,コーヒー、お茶、水,2200.0,なし,なし,8.0,ビール 1杯、ハイボール 約6杯,,,0,"2日連続の飲み会。魚料理を中心に選択し、揚げ物は控えめ。飲酒量はビール1杯、ハイボール約6杯。歩数は5,400歩。帰宅後はそのまま就寝し、睡眠時間は7時間確保。翌朝体重は82.9kg、体調は8/10で二日酔いは軽度。",70.0,900.0,850.0,200.0,180.0,0.0,low,73,73.0,auto,12,20,15,3,0,10,8,5,,,,0.0,0.0,0.0,0.0,,,,,
2026-07-17,NORMAL,,82.9,6794,C,7.0,伊藤園 トマトジュース 1本,ファミリーマート ふわうまごはん 辛子明太子 1個、味付けゆでたまご 1個、冷製よだれ鶏 1食、オイコス PROドリンク 1本,松屋 回鍋肉定食 ダブル（ライス大盛変更）、半熟玉子 1個,赤飯おこわおにぎり 1個、SAVAS ミルクプロテイン ブラック 1本,水 500mL、コーヒー 500mL,2190.0,なし,なし,8.0,なし,,,0,24:30まで残業。朝・夜ともにジムへ行けず。21時頃に補食を摂取したが、深夜に空腹となり松屋で夕食。,70.0,480.0,1200.0,340.0,100.0,0.0,medium,81,81.0,auto,12,20,15,6,0,10,8,10,,,,0.0,0.0,0.0,0.0,,,,,
2026-07-18,NORMAL,,83.5,6895,C,5.5,なし,皮つき長芋のとろろ蕎麦 1食、蒸し鶏オクラサラダ 1食、厚焼玉子 1本、オイコス PROドリンク 1本,タコの天ぷらを彼女とシェア、やみつききゅうりを彼女とシェア、とうもろこしの天ぷらを彼女とシェア、岩中ぶた肉うどん 白 1人前,なし,記録なし,2300.0,なし,なし,7.0,ビール 1杯、焼酎ソーダ割り 1杯,,,0,朝ジムは睡眠不足のため見送り。夜は彼女と飯田橋の雅楽で夕食。,0.0,650.0,1550.0,0.0,100.0,0.0,low,73,73.0,auto,12,20,15,6,0,5,7,8,,,,0.0,0.0,0.0,0.0,,,,,
2026-07-19,NORMAL,,83.3,15765,S,6.0,"['チーズ入り魚肉ソーセージ 2本', '伊藤園 トマトジュース 1本', 'ドトール ブレンドコーヒー 1杯', 'どら焼き 1個']","['やよい軒 しまほっけとサバの塩焼定食（もち麦ご飯普通盛）', '宮崎冷汁に変更', '玉子焼き 1皿', '生卵 1個', 'ご飯小盛（95g） 1杯追加']","['サイゼリヤ 小エビのサラダ 1皿', 'サイゼリヤ アロスティチーニ（ラムの串焼き）2本', 'サイゼリヤ 辛味チキン 1/2皿', 'サイゼリヤ ほうれん草のソテー 1/2皿', 'サイゼリヤ ハンバーグステーキ 1/2皿', 'サイゼリヤ 若鶏のディアボラ風 1/2皿', 'サイゼリヤ 半熟卵のミラノ風ドリア 1/2皿']",[],[],5430.0,あり,"{'種別': 'Week3 Day1 Strength', 'ベンチプレス': '92.5kg 5,5,5,5（95kgへ昇格）', '懸垂': '自重 10,10,9,9', 'スクワット': '95kg 8,8,8,8', 'ダンベルロー': '38kg 10回×3', 'EZバーカール': '30kg 12回×3', 'ケーブルプレスダウン': '23.75kg 15回×3', '腹筋': '20回×2'}",7.0,"['生ビール 1杯', '赤ワイン デカンタ小（250mL）の1/2']",,,0,"Strength Day。ベンチプレス92.5kg×5×4を達成し95kgへ昇格。スクワット95kg×8×4も完遂。夜は同期とサイゼリヤで食事。約15,800歩歩き、高活動量の1日。",330.0,2400.0,2400.0,200.0,100.0,0.0,low,76,76.0,auto,12,6,15,10,10,8,7,8,,,,0.0,0.0,0.0,0.0,,,,,
2026-07-20,NORMAL,,0.0,6050,C,4.5,,,,,,0.0,なし,なし,,,,,0,,0.0,0.0,0.0,0.0,0.0,0.0,low,21,18.0,auto,0,0,3,6,0,2,0,10,,,,0.0,0.0,0.0,0.0,,,,,
2026-07-21,NORMAL,,84.1,8970,B,7.0,"[{'name': '伊藤園 トマトジュース', 'quantity': '1本'}, {'name': 'チーカマ', 'quantity': '2本'}, {'name': 'オイコス プロテインドリンク バナナ味', 'quantity': '1本'}]","[{'name': '会社懇親会ケータリング', 'quantity': '少量'}]","[{'name': '会社懇親会ケータリング', 'quantity': '少量'}]",,,2275.0,なし,なし,8.0,"{'consumed': True, 'details': '14:00頃〜21:30頃まで飲酒。種類・量は不明。適宜水を摂取。'}",,,0,,675.0,750.0,850.0,0.0,0.0,0.0,low,75,75.0,auto,12,20,12,8,0,10,8,5,,,,0.0,0.0,0.0,0.0,,,,,
2026-07-22,NORMAL,,82.7,4742,D,8.0,"[{'name': '伊藤園 トマトジュース', 'quantity': '1本'}, {'name': 'チーカマ', 'quantity': '1本'}]","[{'name': '生姜バンバンジーぶっかけうどん', 'restaurant': '温羅（信濃町）', 'quantity': '1人前'}, {'name': 'とり天', 'quantity': '1個'}, {'name': 'オイコス PRO バニラ味', 'quantity': '1本'}]","[{'name': 'そうめん', 'quantity': '150g'}, {'name': 'とりささみ', 'quantity': '1食分'}, {'name': 'ミニトマト', 'quantity': '5個'}, {'name': '納豆・卵・めかぶ・ノンオイルツナ', 'quantity': '1杯'}]","[{'name': 'カルビー ポテトチップス しあわせバター味', 'quantity': '約1/2袋'}]","[{'name': 'モンスターエナジー', 'quantity': '1本'}]",4322.0,なし,なし,8.0,{'consumed': False},,,0,,430.0,1800.0,1540.0,292.0,260.0,0.0,medium,64,64.0,auto,12,6,15,3,0,10,8,10,,,,0.0,0.0,0.0,0.0,,,,,
2026-07-23,NORMAL,,84.1,4468,D,6.5,"[{'name': '伊藤園 トマトジュース', 'quantity': '1本'}]",[],[],"[{'time': '15:20頃', 'name': '辛子明太子おむすび', 'quantity': '1個', 'calories_kcal': 175, 'protein_g': 4.1, 'fat_g': 1.4, 'carbohydrates_g': 36.7}, {'time': '15:20頃', 'name': '味付ゆでたまご', 'quantity': '1個', 'calories_kcal': 69, 'protein_g': 6.2, 'fat_g': 4.7, 'carbohydrates_g': 0.6}, {'time': '15:20頃', 'name': '牛焼肉おむすび', 'quantity': '1個', 'calories_kcal': 216, 'protein_g': 4.8, 'fat_g': 2.8, 'carbohydrates_g': 43.3}, {'time': '15:20頃', 'name': '高たんぱくプロテインドリンク', 'quantity': '240ml', 'calories_kcal': 138, 'protein_g': 25.0, 'fat_g': 0.0, 'carbohydrates_g': 9.6}, {'time': '15:20頃', 'name': 'ファミリーマート クリスピーチキン プレーン', 'quantity': '1個'}, {'time': '21:45頃', 'name': 'ローソン Lチキ レギュラー', 'quantity': '1個'}, {'time': '21:45頃', 'name': 'オイコス プロテインドリンク バナナ味', 'quantity': '1本'}, {'time': '夜', 'name': 'カルビー ポテトチップス', 'quantity': '1袋（55g）', 'calories_kcal': 308, 'protein_g': 2.8, 'fat_g': 19.8, 'carbohydrates_g': 29.7}]",,5765.0,なし,なし,8.0,{'consumed': False},,,0,,190.0,0.0,0.0,5575.0,0.0,0.0,low,62,62.0,auto,12,6,15,3,0,8,8,10,,,,0.0,0.0,0.0,0.0,,,,,
2026-07-24,NORMAL,,82.7,5672,D,7.5,"[{'name': '伊藤園 トマトジュース', 'quantity': '1本'}]","[{'time': '14:00頃', 'name': 'ファミリーマート 国産鶏むね肉とゆで玉子のサンド', 'quantity': '1個', 'calories_kcal': 234, 'protein_g': 14.9, 'fat_g': 8.6, 'carbohydrates_g': 25.5}, {'time': '14:00頃', 'name': 'サラダチキン', 'quantity': '67g', 'calories_kcal': 83, 'protein_g': 12.2, 'fat_g': 3.6, 'carbohydrates_g': 0.5}, {'time': '14:00頃', 'name': 'オイコス PRO バニラ味', 'quantity': '1本'}]",[],"[{'name': 'ポテトチップス系スナック', 'quantity': '1袋（48g）', 'calories_kcal': 255, 'protein_g': 2.8, 'fat_g': 14.8, 'carbohydrates_g': 27.6}]","[{'name': 'レモン炭酸水', 'quantity': '1本', 'context': '仕事ドリンク1本目'}, {'name': 'FAMIMA CAFÉ BOSS BLACK', 'quantity': '1本', 'context': '仕事ドリンク2本目'}, {'time': '20:30頃', 'name': 'レッドブル', 'quantity': '1本'}]",3110.0,なし,なし,8.0,{'consumed': False},,,0,,190.0,2620.0,0.0,200.0,100.0,0.0,low,68,68.0,auto,12,10,15,3,0,10,8,10,,,,0.0,0.0,0.0,0.0,,,,,
2026-07-26,NORMAL,,83.2,11786,A,8.0,inゼリー エネルギー マスカット味、SAVAS BIO PRO ヨーグルト味,ピザ、グリーンサラダ,チキンラーメン、卵、納豆、めかぶ,ドトール スイートポテト、コーヒー、ジェラート,,1588.0,あり,Week3 Day2【Hypertrophy】 / インクラインダンベルプレス 32kg×10 / 32kg×10 / 32kg×9 / 32kg×8 / ラットプルダウン 66kg×12 / 66kg×12 / 66kg×12 / 66kg×11 / レッグプレス 273kg×10 / 273kg×10 / 273kg×10 / ダンベルショルダープレス 28kg×12 / 28kg×12 / 28kg×12 / サイドレイズ 14kg×15 / 14kg×15 / 14kg×15 / ダンベルカール 12kg×10 / 12kg×10 / 12kg×10,8.0,なし,,なし,0,"1週間ぶりのジム再開
彼女と江戸川橋のnove.でランチ",298.0,100.0,1040.0,150.0,,0.0,medium,89,0.0,auto,12,15,15,9,10,10,8,10,16.5,3.1,23.9,2.0,1.0,6.0,20.0,75.0,"{""breakfast"":{""items"":[{""name"":""inゼリー エネルギー マスカット味"",""quantity"":1.0,""quantity_text"":null,""unit"":""個"",""notes"":null,""nutrition"":{""calories_kcal"":180.0,""protein_g"":null,""fat_g"":null,""carbs_g"":null,""basis"":""total""},""resolved_nutrition"":{""calories_kcal"":180.0,""protein_g"":null,""fat_g"":null,""carbs_g"":null,""basis"":""total""},""calorie_source"":""explicit"",""needs_review"":false},{""name"":""SAVAS BIO PRO ヨーグルト味"",""quantity"":1.0,""quantity_text"":null,""unit"":""本"",""notes"":null,""nutrition"":{""calories_kcal"":118.0,""protein_g"":16.5,""fat_g"":3.1,""carbs_g"":23.9,""basis"":""total""},""resolved_nutrition"":{""calories_kcal"":118.0,""protein_g"":16.5,""fat_g"":3.1,""carbs_g"":23.9,""basis"":""total""},""calorie_source"":""explicit"",""needs_review"":false}],""totals"":{""calories_kcal"":298.0,""protein_g"":16.5,""fat_g"":3.1,""carbs_g"":23.9}},""lunch"":{""items"":[{""name"":""ピザ"",""quantity"":1.0,""quantity_text"":null,""unit"":""枚相当"",""notes"":""江戸川橋のnove.でピザ2枚を彼女とシェア"",""nutrition"":null,""resolved_nutrition"":null,""calorie_source"":null,""needs_review"":true},{""name"":""グリーンサラダ"",""quantity"":0.5,""quantity_text"":null,""unit"":""皿"",""notes"":""彼女とシェア"",""nutrition"":{""calories_kcal"":100.0,""protein_g"":null,""fat_g"":null,""carbs_g"":null,""basis"":""total""},""resolved_nutrition"":{""calories_kcal"":100.0,""protein_g"":null,""fat_g"":null,""carbs_g"":null,""basis"":""total""},""calorie_source"":""explicit"",""needs_review"":false}],""totals"":{""calories_kcal"":100.0,""protein_g"":null,""fat_g"":null,""carbs_g"":null}},""dinner"":{""items"":[{""name"":""チキンラーメン"",""quantity"":1.0,""quantity_text"":null,""unit"":""食"",""notes"":null,""nutrition"":null,""resolved_nutrition"":{""calories_kcal"":850.0,""protein_g"":null,""fat_g"":null,""carbs_g"":null,""sugar_g"":null,""fiber_g"":null,""salt_g"":null},""calorie_source"":""generic"",""needs_review"":false},{""name"":""卵"",""quantity"":1.0,""quantity_text"":null,""unit"":""個"",""notes"":null,""nutrition"":null,""resolved_nutrition"":{""calories_kcal"":80.0,""protein_g"":null,""fat_g"":null,""carbs_g"":null,""sugar_g"":null,""fiber_g"":null,""salt_g"":null},""calorie_source"":""generic"",""needs_review"":false},{""name"":""納豆"",""quantity"":1.0,""quantity_text"":null,""unit"":""パック"",""notes"":null,""nutrition"":null,""resolved_nutrition"":{""calories_kcal"":90.0,""protein_g"":null,""fat_g"":null,""carbs_g"":null,""sugar_g"":null,""fiber_g"":null,""salt_g"":null},""calorie_source"":""generic"",""needs_review"":false},{""name"":""めかぶ"",""quantity"":1.0,""quantity_text"":null,""unit"":""パック"",""notes"":null,""nutrition"":null,""resolved_nutrition"":{""calories_kcal"":20.0,""protein_g"":null,""fat_g"":null,""carbs_g"":null,""sugar_g"":null,""fiber_g"":null,""salt_g"":null},""calorie_source"":""generic"",""needs_review"":false}],""totals"":{""calories_kcal"":1040.0,""protein_g"":null,""fat_g"":null,""carbs_g"":null}},""snacks"":{""items"":[{""name"":""ドトール スイートポテト"",""quantity"":1.0,""quantity_text"":null,""unit"":""個"",""notes"":null,""nutrition"":{""calories_kcal"":150.0,""protein_g"":null,""fat_g"":null,""carbs_g"":null,""basis"":""total""},""resolved_nutrition"":{""calories_kcal"":150.0,""protein_g"":null,""fat_g"":null,""carbs_g"":null,""basis"":""total""},""calorie_source"":""explicit"",""needs_review"":false},{""name"":""コーヒー"",""quantity"":1.0,""quantity_text"":null,""unit"":""杯"",""notes"":null,""nutrition"":{""calories_kcal"":0.0,""protein_g"":0.0,""fat_g"":0.0,""carbs_g"":0.0,""basis"":""total""},""resolved_nutrition"":{""calories_kcal"":0.0,""protein_g"":0.0,""fat_g"":0.0,""carbs_g"":0.0,""basis"":""total""},""calorie_source"":""explicit"",""needs_review"":false},{""name"":""ジェラート"",""quantity"":1.0,""quantity_text"":null,""unit"":""個"",""notes"":null,""nutrition"":null,""resolved_nutrition"":null,""calorie_source"":null,""needs_review"":true}],""totals"":{""calories_kcal"":150.0,""protein_g"":0.0,""fat_g"":0.0,""carbs_g"":0.0}},""drinks"":{""items"":[],""totals"":{""calories_kcal"":null,""protein_g"":null,""fat_g"":null,""carbs_g"":null}}}","{""performed"":true,""program_name"":""Week3 Day2【Hypertrophy】"",""workout_type"":""hypertrophy"",""duration_minutes"":75,""notes"":null,""exercises"":[{""exercise_order"":1,""name"":""インクラインダンベルプレス"",""equipment"":""dumbbell"",""notes"":null,""sets"":[{""weight_kg"":32.0,""reps"":10,""rpe"":null,""completed"":true,""set_type"":null,""set_order"":1},{""weight_kg"":32.0,""reps"":10,""rpe"":null,""completed"":true,""set_type"":null,""set_order"":2},{""weight_kg"":32.0,""reps"":9,""rpe"":null,""completed"":true,""set_type"":null,""set_order"":3},{""weight_kg"":32.0,""reps"":8,""rpe"":null,""completed"":true,""set_type"":null,""set_order"":4}]},{""exercise_order"":2,""name"":""ラットプルダウン"",""equipment"":""cable"",""notes"":null,""sets"":[{""weight_kg"":66.0,""reps"":12,""rpe"":null,""completed"":true,""set_type"":null,""set_order"":1},{""weight_kg"":66.0,""reps"":12,""rpe"":null,""completed"":true,""set_type"":null,""set_order"":2},{""weight_kg"":66.0,""reps"":12,""rpe"":null,""completed"":true,""set_type"":null,""set_order"":3},{""weight_kg"":66.0,""reps"":11,""rpe"":null,""completed"":true,""set_type"":null,""set_order"":4}]},{""exercise_order"":3,""name"":""レッグプレス"",""equipment"":""machine"",""notes"":null,""sets"":[{""weight_kg"":273.0,""reps"":10,""rpe"":null,""completed"":true,""set_type"":null,""set_order"":1},{""weight_kg"":273.0,""reps"":10,""rpe"":null,""completed"":true,""set_type"":null,""set_order"":2},{""weight_kg"":273.0,""reps"":10,""rpe"":null,""completed"":true,""set_type"":null,""set_order"":3}]},{""exercise_order"":4,""name"":""ダンベルショルダープレス"",""equipment"":""dumbbell"",""notes"":null,""sets"":[{""weight_kg"":28.0,""reps"":12,""rpe"":null,""completed"":true,""set_type"":null,""set_order"":1},{""weight_kg"":28.0,""reps"":12,""rpe"":null,""completed"":true,""set_type"":null,""set_order"":2},{""weight_kg"":28.0,""reps"":12,""rpe"":null,""completed"":true,""set_type"":null,""set_order"":3}]},{""exercise_order"":5,""name"":""サイドレイズ"",""equipment"":""dumbbell"",""notes"":null,""sets"":[{""weight_kg"":14.0,""reps"":15,""rpe"":null,""completed"":true,""set_type"":null,""set_order"":1},{""weight_kg"":14.0,""reps"":15,""rpe"":null,""completed"":true,""set_type"":null,""set_order"":2},{""weight_kg"":14.0,""reps"":15,""rpe"":null,""completed"":true,""set_type"":null,""set_order"":3}]},{""exercise_order"":6,""name"":""ダンベルカール"",""equipment"":""dumbbell"",""notes"":null,""sets"":[{""weight_kg"":12.0,""reps"":10,""rpe"":null,""completed"":true,""set_type"":null,""set_order"":1},{""weight_kg"":12.0,""reps"":10,""rpe"":null,""completed"":true,""set_type"":null,""set_order"":2},{""weight_kg"":12.0,""reps"":10,""rpe"":null,""completed"":true,""set_type"":null,""set_order"":3}]}]}",imp_20260726_6013450b15713ae6,1.0
2026-07-27,NORMAL,,83.1,8356,B,6.5,伊藤園 トマトジュース,SAVAS プロテインドリンク ヨーグルト味、からあげクン レッド、白米、だし巻き卵、ローソン コーンサラダ、豚ねぎ塩焼き,白米、牛赤身肉、ゆで卵、納豆,,,3042.0,あり,Week3 Day3【Hybrid・連投調整版】 / ベンチプレス 77.5kg×5 / 77.5kg×5 / 77.5kg×5 / 77.5kg×5 / ルーマニアンデッドリフト 85kg×8 / 85kg×8 / 85kg×8 / 85kg×8 / 懸垂 8回 / 8回 / 8回 / ブルガリアンスクワット（左右各脚） 40kg×10 / 40kg×10 / レッグレイズ 20回 / 20回 / 20回,7.0,なし,,なし,0,"前日のHypertrophyに続く連投調整日
フェイスプルはケーブルが空いておらず未実施
主要種目は余力を残して完遂
昼のだし巻き卵と肉料理は調理油を含めて保守的に推定",40.0,1855.0,1147.0,,,0.0,high,80,0.0,auto,12,10,15,8,10,8,7,10,,,,0.0,1.0,5.0,16.0,65.0,"{""breakfast"":{""items"":[{""name"":""伊藤園 トマトジュース"",""quantity"":1.0,""quantity_text"":null,""unit"":""本"",""notes"":null,""nutrition"":{""calories_kcal"":40.0,""protein_g"":null,""fat_g"":null,""carbs_g"":null,""basis"":""total""},""resolved_nutrition"":{""calories_kcal"":40.0,""protein_g"":null,""fat_g"":null,""carbs_g"":null,""basis"":""total""},""calorie_source"":""explicit"",""needs_review"":false}],""totals"":{""calories_kcal"":40.0,""protein_g"":null,""fat_g"":null,""carbs_g"":null}},""lunch"":{""items"":[{""name"":""SAVAS プロテインドリンク ヨーグルト味"",""quantity"":1.0,""quantity_text"":null,""unit"":""本"",""notes"":null,""nutrition"":{""calories_kcal"":120.0,""protein_g"":null,""fat_g"":null,""carbs_g"":null,""basis"":""total""},""resolved_nutrition"":{""calories_kcal"":120.0,""protein_g"":null,""fat_g"":null,""carbs_g"":null,""basis"":""total""},""calorie_source"":""explicit"",""needs_review"":false},{""name"":""からあげクン レッド"",""quantity"":1.0,""quantity_text"":null,""unit"":""個"",""notes"":null,""nutrition"":{""calories_kcal"":230.0,""protein_g"":null,""fat_g"":null,""carbs_g"":null,""basis"":""total""},""resolved_nutrition"":{""calories_kcal"":230.0,""protein_g"":null,""fat_g"":null,""carbs_g"":null,""basis"":""total""},""calorie_source"":""explicit"",""needs_review"":false},{""name"":""白米"",""quantity"":360.0,""quantity_text"":null,""unit"":""g"",""notes"":null,""nutrition"":{""calories_kcal"":605.0,""protein_g"":null,""fat_g"":null,""carbs_g"":null,""basis"":""total""},""resolved_nutrition"":{""calories_kcal"":605.0,""protein_g"":null,""fat_g"":null,""carbs_g"":null,""basis"":""total""},""calorie_source"":""explicit"",""needs_review"":false},{""name"":""だし巻き卵"",""quantity"":1.0,""quantity_text"":null,""unit"":""皿"",""notes"":""卵3個使用。調理油を含めて保守的に推定"",""nutrition"":{""calories_kcal"":320.0,""protein_g"":null,""fat_g"":null,""carbs_g"":null,""basis"":""total""},""resolved_nutrition"":{""calories_kcal"":320.0,""protein_g"":null,""fat_g"":null,""carbs_g"":null,""basis"":""total""},""calorie_source"":""explicit"",""needs_review"":false},{""name"":""ローソン コーンサラダ"",""quantity"":1.0,""quantity_text"":null,""unit"":""個"",""notes"":null,""nutrition"":{""calories_kcal"":80.0,""protein_g"":null,""fat_g"":null,""carbs_g"":null,""basis"":""total""},""resolved_nutrition"":{""calories_kcal"":80.0,""protein_g"":null,""fat_g"":null,""carbs_g"":null,""basis"":""total""},""calorie_source"":""explicit"",""needs_review"":false},{""name"":""豚ねぎ塩焼き"",""quantity"":200.0,""quantity_text"":null,""unit"":""g"",""notes"":null,""nutrition"":{""calories_kcal"":500.0,""protein_g"":null,""fat_g"":null,""carbs_g"":null,""basis"":""total""},""resolved_nutrition"":{""calories_kcal"":500.0,""protein_g"":null,""fat_g"":null,""carbs_g"":null,""basis"":""total""},""calorie_source"":""explicit"",""needs_review"":false}],""totals"":{""calories_kcal"":1855.0,""protein_g"":null,""fat_g"":null,""carbs_g"":null}},""dinner"":{""items"":[{""name"":""白米"",""quantity"":260.0,""quantity_text"":null,""unit"":""g"",""notes"":null,""nutrition"":{""calories_kcal"":437.0,""protein_g"":null,""fat_g"":null,""carbs_g"":null,""basis"":""total""},""resolved_nutrition"":{""calories_kcal"":437.0,""protein_g"":null,""fat_g"":null,""carbs_g"":null,""basis"":""total""},""calorie_source"":""explicit"",""needs_review"":false},{""name"":""牛赤身肉"",""quantity"":200.0,""quantity_text"":null,""unit"":""g"",""notes"":""調理油や味付けを含めて保守的に推定"",""nutrition"":{""calories_kcal"":450.0,""protein_g"":null,""fat_g"":null,""carbs_g"":null,""basis"":""total""},""resolved_nutrition"":{""calories_kcal"":450.0,""protein_g"":null,""fat_g"":null,""carbs_g"":null,""basis"":""total""},""calorie_source"":""explicit"",""needs_review"":false},{""name"":""ゆで卵"",""quantity"":2.0,""quantity_text"":null,""unit"":""個"",""notes"":null,""nutrition"":{""calories_kcal"":160.0,""protein_g"":null,""fat_g"":null,""carbs_g"":null,""basis"":""total""},""resolved_nutrition"":{""calories_kcal"":160.0,""protein_g"":null,""fat_g"":null,""carbs_g"":null,""basis"":""total""},""calorie_source"":""explicit"",""needs_review"":false},{""name"":""納豆"",""quantity"":1.0,""quantity_text"":null,""unit"":""パック"",""notes"":null,""nutrition"":{""calories_kcal"":100.0,""protein_g"":null,""fat_g"":null,""carbs_g"":null,""basis"":""total""},""resolved_nutrition"":{""calories_kcal"":100.0,""protein_g"":null,""fat_g"":null,""carbs_g"":null,""basis"":""total""},""calorie_source"":""explicit"",""needs_review"":false}],""totals"":{""calories_kcal"":1147.0,""protein_g"":null,""fat_g"":null,""carbs_g"":null}},""snacks"":{""items"":[],""totals"":{""calories_kcal"":null,""protein_g"":null,""fat_g"":null,""carbs_g"":null}},""drinks"":{""items"":[],""totals"":{""calories_kcal"":null,""protein_g"":null,""fat_g"":null,""carbs_g"":null}}}","{""performed"":true,""program_name"":""Week3 Day3【Hybrid・連投調整版】"",""workout_type"":""hybrid"",""duration_minutes"":65,""notes"":null,""exercises"":[{""exercise_order"":1,""name"":""ベンチプレス"",""equipment"":""barbell"",""notes"":null,""sets"":[{""weight_kg"":77.5,""reps"":5,""rpe"":null,""completed"":true,""set_type"":null,""set_order"":1},{""weight_kg"":77.5,""reps"":5,""rpe"":null,""completed"":true,""set_type"":null,""set_order"":2},{""weight_kg"":77.5,""reps"":5,""rpe"":null,""completed"":true,""set_type"":null,""set_order"":3},{""weight_kg"":77.5,""reps"":5,""rpe"":null,""completed"":true,""set_type"":null,""set_order"":4}]},{""exercise_order"":2,""name"":""ルーマニアンデッドリフト"",""equipment"":""barbell"",""notes"":null,""sets"":[{""weight_kg"":85.0,""reps"":8,""rpe"":null,""completed"":true,""set_type"":null,""set_order"":1},{""weight_kg"":85.0,""reps"":8,""rpe"":null,""completed"":true,""set_type"":null,""set_order"":2},{""weight_kg"":85.0,""reps"":8,""rpe"":null,""completed"":true,""set_type"":null,""set_order"":3},{""weight_kg"":85.0,""reps"":8,""rpe"":null,""completed"":true,""set_type"":null,""set_order"":4}]},{""exercise_order"":3,""name"":""懸垂"",""equipment"":""bodyweight"",""notes"":null,""sets"":[{""weight_kg"":null,""reps"":8,""rpe"":null,""completed"":true,""set_type"":null,""set_order"":1},{""weight_kg"":null,""reps"":8,""rpe"":null,""completed"":true,""set_type"":null,""set_order"":2},{""weight_kg"":null,""reps"":8,""rpe"":null,""completed"":true,""set_type"":null,""set_order"":3}]},{""exercise_order"":4,""name"":""ブルガリアンスクワット（左右各脚）"",""equipment"":""dumbbell"",""notes"":null,""sets"":[{""weight_kg"":40.0,""reps"":10,""rpe"":null,""completed"":true,""set_type"":null,""set_order"":1},{""weight_kg"":40.0,""reps"":10,""rpe"":null,""completed"":true,""set_type"":null,""set_order"":2}]},{""exercise_order"":5,""name"":""レッグレイズ"",""equipment"":""bodyweight"",""notes"":null,""sets"":[{""weight_kg"":null,""reps"":20,""rpe"":null,""completed"":true,""set_type"":null,""set_order"":1},{""weight_kg"":null,""reps"":20,""rpe"":null,""completed"":true,""set_type"":null,""set_order"":2},{""weight_kg"":null,""reps"":20,""rpe"":null,""completed"":true,""set_type"":null,""set_order"":3}]}]}",imp_20260727_6a460e9b22454d1a,1.0
2026-07-28,NORMAL,大阪出張,83.9,6271,C,5.5,伊藤園 トマトジュース,ファミリーマート フレッシュ野菜サラダ、ゆで卵、ナポリタン＆ハンバーグ弁当,ローソン たんぱく質が摂れる国産鶏むね肉のサラダ、ローソン 熟成紅鮭おにぎり、揚げなすのおみそ汁,オイコスPRO バニラ味、モンスター バッドアップル、揚一番,ジョージア カフェラテ、お〜いお茶 LEMON GREEN、健康ミネラルむぎ茶,2375.0,なし,なし,6.0,あり,サッポロ生ビール黒ラベル 500ml 1本,軽度,0,"大阪出張初日
朝の体調は6で眠気あり
ジムは休み
昼食はサラダとゆで卵から先に食べた
ナポリタン＆ハンバーグ弁当は栄養表示未確認のため950kcalで保守的に推定
夕食はローソンで調整したが、黒ラベル500mlを1本飲んだ",40.0,1128.0,442.0,437.0,128.0,0.0,high,67,0.0,auto,12,15,15,6,0,5,6,8,73.7,39.0,139.0,0.0,0.0,0.0,0.0,0.0,"{""breakfast"":{""items"":[{""name"":""伊藤園 トマトジュース"",""quantity"":1.0,""quantity_text"":null,""unit"":""本"",""notes"":null,""nutrition"":{""calories_kcal"":40.0,""protein_g"":null,""fat_g"":null,""carbs_g"":null,""basis"":""total""},""resolved_nutrition"":{""calories_kcal"":40.0,""protein_g"":null,""fat_g"":null,""carbs_g"":null,""basis"":""total""},""calorie_source"":""explicit"",""needs_review"":false}],""totals"":{""calories_kcal"":40.0,""protein_g"":null,""fat_g"":null,""carbs_g"":null}},""lunch"":{""items"":[{""name"":""ファミリーマート フレッシュ野菜サラダ"",""quantity"":1.0,""quantity_text"":null,""unit"":""個"",""notes"":null,""nutrition"":{""calories_kcal"":40.0,""protein_g"":1.5,""fat_g"":0.9,""carbs_g"":7.6,""basis"":""total""},""resolved_nutrition"":{""calories_kcal"":40.0,""protein_g"":1.5,""fat_g"":0.9,""carbs_g"":7.6,""basis"":""total""},""calorie_source"":""explicit"",""needs_review"":false},{""name"":""ゆで卵"",""quantity"":2.0,""quantity_text"":null,""unit"":""個"",""notes"":null,""nutrition"":{""calories_kcal"":138.0,""protein_g"":12.4,""fat_g"":9.4,""carbs_g"":1.2,""basis"":""total""},""resolved_nutrition"":{""calories_kcal"":138.0,""protein_g"":12.4,""fat_g"":9.4,""carbs_g"":1.2,""basis"":""total""},""calorie_source"":""explicit"",""needs_review"":false},{""name"":""ナポリタン＆ハンバーグ弁当"",""quantity"":1.0,""quantity_text"":null,""unit"":""個"",""notes"":""栄養表示を確認できなかったため、内容量と構成から保守的に推定"",""nutrition"":{""calories_kcal"":950.0,""protein_g"":null,""fat_g"":null,""carbs_g"":null,""basis"":""total""},""resolved_nutrition"":{""calories_kcal"":950.0,""protein_g"":null,""fat_g"":null,""carbs_g"":null,""basis"":""total""},""calorie_source"":""explicit"",""needs_review"":false}],""totals"":{""calories_kcal"":1128.0,""protein_g"":13.9,""fat_g"":10.3,""carbs_g"":8.8}},""dinner"":{""items"":[{""name"":""ローソン たんぱく質が摂れる国産鶏むね肉のサラダ"",""quantity"":1.0,""quantity_text"":null,""unit"":""個"",""notes"":null,""nutrition"":{""calories_kcal"":206.0,""protein_g"":23.1,""fat_g"":11.0,""carbs_g"":4.9,""basis"":""total""},""resolved_nutrition"":{""calories_kcal"":206.0,""protein_g"":23.1,""fat_g"":11.0,""carbs_g"":4.9,""basis"":""total""},""calorie_source"":""explicit"",""needs_review"":false},{""name"":""ローソン 熟成紅鮭おにぎり"",""quantity"":1.0,""quantity_text"":null,""unit"":""個"",""notes"":null,""nutrition"":{""calories_kcal"":174.0,""protein_g"":4.8,""fat_g"":1.9,""carbs_g"":35.1,""basis"":""total""},""resolved_nutrition"":{""calories_kcal"":174.0,""protein_g"":4.8,""fat_g"":1.9,""carbs_g"":35.1,""basis"":""total""},""calorie_source"":""explicit"",""needs_review"":false},{""name"":""揚げなすのおみそ汁"",""quantity"":1.0,""quantity_text"":null,""unit"":""個"",""notes"":null,""nutrition"":{""calories_kcal"":62.0,""protein_g"":3.0,""fat_g"":3.9,""carbs_g"":4.3,""basis"":""total""},""resolved_nutrition"":{""calories_kcal"":62.0,""protein_g"":3.0,""fat_g"":3.9,""carbs_g"":4.3,""basis"":""total""},""calorie_source"":""explicit"",""needs_review"":false}],""totals"":{""calories_kcal"":442.0,""protein_g"":30.9,""fat_g"":16.8,""carbs_g"":44.3}},""snacks"":{""items"":[{""name"":""オイコスPRO バニラ味"",""quantity"":1.0,""quantity_text"":null,""unit"":""本"",""notes"":null,""nutrition"":{""calories_kcal"":138.0,""protein_g"":25.0,""fat_g"":0.0,""carbs_g"":9.6,""basis"":""total""},""resolved_nutrition"":{""calories_kcal"":138.0,""protein_g"":25.0,""fat_g"":0.0,""carbs_g"":9.6,""basis"":""total""},""calorie_source"":""explicit"",""needs_review"":false},{""name"":""モンスター バッドアップル"",""quantity"":355.0,""quantity_text"":null,""unit"":""ml"",""notes"":null,""nutrition"":{""calories_kcal"":127.0,""protein_g"":0.0,""fat_g"":0.0,""carbs_g"":31.9,""basis"":""total""},""resolved_nutrition"":{""calories_kcal"":127.0,""protein_g"":0.0,""fat_g"":0.0,""carbs_g"":31.9,""basis"":""total""},""calorie_source"":""explicit"",""needs_review"":false},{""name"":""揚一番"",""quantity"":33.0,""quantity_text"":null,""unit"":""g"",""notes"":null,""nutrition"":{""calories_kcal"":172.0,""protein_g"":1.7,""fat_g"":9.3,""carbs_g"":20.2,""basis"":""total""},""resolved_nutrition"":{""calories_kcal"":172.0,""protein_g"":1.7,""fat_g"":9.3,""carbs_g"":20.2,""basis"":""total""},""calorie_source"":""explicit"",""needs_review"":false}],""totals"":{""calories_kcal"":437.0,""protein_g"":26.7,""fat_g"":9.3,""carbs_g"":61.7}},""drinks"":{""items"":[{""name"":""ジョージア カフェラテ"",""quantity"":440.0,""quantity_text"":null,""unit"":""ml"",""notes"":null,""nutrition"":{""calories_kcal"":128.0,""protein_g"":2.2,""fat_g"":2.6,""carbs_g"":24.2,""basis"":""total""},""resolved_nutrition"":{""calories_kcal"":128.0,""protein_g"":2.2,""fat_g"":2.6,""carbs_g"":24.2,""basis"":""total""},""calorie_source"":""explicit"",""needs_review"":false},{""name"":""お〜いお茶 LEMON GREEN"",""quantity"":1.0,""quantity_text"":null,""unit"":""本"",""notes"":null,""nutrition"":{""calories_kcal"":0.0,""protein_g"":0.0,""fat_g"":0.0,""carbs_g"":0.0,""basis"":""total""},""resolved_nutrition"":{""calories_kcal"":0.0,""protein_g"":0.0,""fat_g"":0.0,""carbs_g"":0.0,""basis"":""total""},""calorie_source"":""explicit"",""needs_review"":false},{""name"":""健康ミネラルむぎ茶"",""quantity"":1.0,""quantity_text"":null,""unit"":""本"",""notes"":null,""nutrition"":{""calories_kcal"":0.0,""protein_g"":0.0,""fat_g"":0.0,""carbs_g"":0.0,""basis"":""total""},""resolved_nutrition"":{""calories_kcal"":0.0,""protein_g"":0.0,""fat_g"":0.0,""carbs_g"":0.0,""basis"":""total""},""calorie_source"":""explicit"",""needs_review"":false}],""totals"":{""calories_kcal"":128.0,""protein_g"":2.2,""fat_g"":2.6,""carbs_g"":24.2}}}","{""performed"":false,""program_name"":null,""workout_type"":null,""duration_minutes"":0,""notes"":null,""exercises"":[]}",imp_20260728_f6175e73768fdaa4,1.0
2026-07-29,EVENT,万両 東天満店で焼肉・飲酒,0.0,8079,B,7.0,SAVAS BIO PRO ヨーグルト味、ファミリーマート 手巻おむすび 辛子明太子,ファミリーマート 高菜昆布おむすび、ファミリーマート フレッシュ野菜サラダ、味付ゆで卵、分離液状ドレッシング、スモークチキン,焼肉（複数部位）、白米,,スターバックス ブリュードコーヒー アイス、ビール、ハイボール,3348.0,なし,なし,8.0,あり,ビール1杯、ハイボール約8杯,多量,0,"大阪出張中のため体重は計測不可
夜は万両 東天満店で焼肉
昼までの摂取を抑えて夜の会食に備えた
夜は肉を多めに食べ、ご飯は150gに留めた
焼肉は部位と量が不明なため、タレや脂質を含めて保守的に推定
アルコールは合計約9杯",293.0,463.0,1752.0,,840.0,0.0,high,66,0.0,auto,0,16,15,8,7,10,8,2,46.5,14.8,54.6,0.0,0.0,0.0,0.0,0.0,"{""breakfast"":{""items"":[{""name"":""SAVAS BIO PRO ヨーグルト味"",""quantity"":300.0,""quantity_text"":null,""unit"":""ml"",""notes"":null,""nutrition"":{""calories_kcal"":118.0,""protein_g"":15.0,""fat_g"":null,""carbs_g"":null,""basis"":""total""},""resolved_nutrition"":{""calories_kcal"":118.0,""protein_g"":15.0,""fat_g"":null,""carbs_g"":null,""basis"":""total""},""calorie_source"":""explicit"",""needs_review"":false},{""name"":""ファミリーマート 手巻おむすび 辛子明太子"",""quantity"":1.0,""quantity_text"":null,""unit"":""個"",""notes"":null,""nutrition"":{""calories_kcal"":175.0,""protein_g"":null,""fat_g"":null,""carbs_g"":null,""basis"":""total""},""resolved_nutrition"":{""calories_kcal"":175.0,""protein_g"":null,""fat_g"":null,""carbs_g"":null,""basis"":""total""},""calorie_source"":""explicit"",""needs_review"":false}],""totals"":{""calories_kcal"":293.0,""protein_g"":15.0,""fat_g"":null,""carbs_g"":null}},""lunch"":{""items"":[{""name"":""ファミリーマート 高菜昆布おむすび"",""quantity"":1.0,""quantity_text"":null,""unit"":""個"",""notes"":null,""nutrition"":{""calories_kcal"":183.0,""protein_g"":3.6,""fat_g"":2.1,""carbs_g"":38.1,""basis"":""total""},""resolved_nutrition"":{""calories_kcal"":183.0,""protein_g"":3.6,""fat_g"":2.1,""carbs_g"":38.1,""basis"":""total""},""calorie_source"":""explicit"",""needs_review"":false},{""name"":""ファミリーマート フレッシュ野菜サラダ"",""quantity"":1.0,""quantity_text"":null,""unit"":""個"",""notes"":null,""nutrition"":{""calories_kcal"":40.0,""protein_g"":1.5,""fat_g"":0.9,""carbs_g"":7.6,""basis"":""total""},""resolved_nutrition"":{""calories_kcal"":40.0,""protein_g"":1.5,""fat_g"":0.9,""carbs_g"":7.6,""basis"":""total""},""calorie_source"":""explicit"",""needs_review"":false},{""name"":""味付ゆで卵"",""quantity"":1.0,""quantity_text"":null,""unit"":""個"",""notes"":null,""nutrition"":{""calories_kcal"":69.0,""protein_g"":6.2,""fat_g"":4.7,""carbs_g"":0.6,""basis"":""total""},""resolved_nutrition"":{""calories_kcal"":69.0,""protein_g"":6.2,""fat_g"":4.7,""carbs_g"":0.6,""basis"":""total""},""calorie_source"":""explicit"",""needs_review"":false},{""name"":""分離液状ドレッシング"",""quantity"":25.0,""quantity_text"":null,""unit"":""ml"",""notes"":null,""nutrition"":{""calories_kcal"":43.0,""protein_g"":0.3,""fat_g"":3.9,""carbs_g"":3.0,""basis"":""total""},""resolved_nutrition"":{""calories_kcal"":43.0,""protein_g"":0.3,""fat_g"":3.9,""carbs_g"":3.0,""basis"":""total""},""calorie_source"":""explicit"",""needs_review"":false},{""name"":""スモークチキン"",""quantity"":100.0,""quantity_text"":null,""unit"":""g"",""notes"":null,""nutrition"":{""calories_kcal"":128.0,""protein_g"":19.9,""fat_g"":3.2,""carbs_g"":5.3,""basis"":""total""},""resolved_nutrition"":{""calories_kcal"":128.0,""protein_g"":19.9,""fat_g"":3.2,""carbs_g"":5.3,""basis"":""total""},""calorie_source"":""explicit"",""needs_review"":false}],""totals"":{""calories_kcal"":463.0,""protein_g"":31.5,""fat_g"":14.8,""carbs_g"":54.6}},""dinner"":{""items"":[{""name"":""焼肉（複数部位）"",""quantity"":1.0,""quantity_text"":null,""unit"":""食"",""notes"":""万両 東天満店で肉を多めに摂取。部位・量が不明なため、脂身やタレを含めて保守的に推定"",""nutrition"":{""calories_kcal"":1500.0,""protein_g"":null,""fat_g"":null,""carbs_g"":null,""basis"":""total""},""resolved_nutrition"":{""calories_kcal"":1500.0,""protein_g"":null,""fat_g"":null,""carbs_g"":null,""basis"":""total""},""calorie_source"":""explicit"",""needs_review"":false},{""name"":""白米"",""quantity"":150.0,""quantity_text"":null,""unit"":""g"",""notes"":null,""nutrition"":{""calories_kcal"":252.0,""protein_g"":null,""fat_g"":null,""carbs_g"":null,""basis"":""total""},""resolved_nutrition"":{""calories_kcal"":252.0,""protein_g"":null,""fat_g"":null,""carbs_g"":null,""basis"":""total""},""calorie_source"":""explicit"",""needs_review"":false}],""totals"":{""calories_kcal"":1752.0,""protein_g"":null,""fat_g"":null,""carbs_g"":null}},""snacks"":{""items"":[],""totals"":{""calories_kcal"":null,""protein_g"":null,""fat_g"":null,""carbs_g"":null}},""drinks"":{""items"":[{""name"":""スターバックス ブリュードコーヒー アイス"",""quantity"":1.0,""quantity_text"":null,""unit"":""Venti"",""notes"":""無糖・ミルクなし"",""nutrition"":{""calories_kcal"":0.0,""protein_g"":0.0,""fat_g"":0.0,""carbs_g"":0.0,""basis"":""total""},""resolved_nutrition"":{""calories_kcal"":0.0,""protein_g"":0.0,""fat_g"":0.0,""carbs_g"":0.0,""basis"":""total""},""calorie_source"":""explicit"",""needs_review"":false},{""name"":""ビール"",""quantity"":1.0,""quantity_text"":null,""unit"":""杯"",""notes"":null,""nutrition"":{""calories_kcal"":200.0,""protein_g"":null,""fat_g"":0.0,""carbs_g"":null,""basis"":""total""},""resolved_nutrition"":{""calories_kcal"":200.0,""protein_g"":null,""fat_g"":0.0,""carbs_g"":null,""basis"":""total""},""calorie_source"":""explicit"",""needs_review"":false},{""name"":""ハイボール"",""quantity"":8.0,""quantity_text"":null,""unit"":""杯"",""notes"":""1杯約80kcalとして推定"",""nutrition"":{""calories_kcal"":640.0,""protein_g"":0.0,""fat_g"":0.0,""carbs_g"":null,""basis"":""total""},""resolved_nutrition"":{""calories_kcal"":640.0,""protein_g"":0.0,""fat_g"":0.0,""carbs_g"":null,""basis"":""total""},""calorie_source"":""explicit"",""needs_review"":false}],""totals"":{""calories_kcal"":840.0,""protein_g"":0.0,""fat_g"":0.0,""carbs_g"":0.0}}}","{""performed"":false,""program_name"":null,""workout_type"":null,""duration_minutes"":0,""notes"":null,""exercises"":[]}",imp_20260729_0970cd9f5baed077,1.0
2026-08-01,EVENT,大阪出張から帰京・居酒屋・深夜卓球,0.0,10071,A,5.0,カツサンド,,居酒屋の料理,,水、ビール、ハイボール,200.0,なし,なし,5.0,あり,ビール1杯、ハイボール3杯,中量,0,"大阪出張から東京へ移動
前夜の飲酒と睡眠不足が残り、朝の体調は5
予定していたサムギョプサル会食は仕事が終わらず不参加
その後、居酒屋でビール1杯とハイボール3杯を飲んだ
居酒屋では比較的味の濃い料理を食べたが、内容と量が不明なため摂取カロリーは不明
24時頃から翌朝5時頃までノンアルコールで卓球をした
卓球は筋力トレーニングではないため、筋トレ実績には含めていない",,,,,200.0,0.0,low,55,0.0,auto,0,16,3,9,7,5,10,5,0.0,0.0,0.0,3.0,0.0,0.0,0.0,0.0,"{""breakfast"":{""items"":[{""name"":""カツサンド"",""quantity"":1.0,""quantity_text"":null,""unit"":""食"",""notes"":""商品名・内容量・栄養表示が不明"",""nutrition"":null,""resolved_nutrition"":null,""calorie_source"":null,""needs_review"":true}],""totals"":{""calories_kcal"":null,""protein_g"":null,""fat_g"":null,""carbs_g"":null}},""lunch"":{""items"":[],""totals"":{""calories_kcal"":null,""protein_g"":null,""fat_g"":null,""carbs_g"":null}},""dinner"":{""items"":[{""name"":""居酒屋の料理"",""quantity"":1.0,""quantity_text"":null,""unit"":""食"",""notes"":""比較的味の濃い料理を摂取。料理内容と量が不明なためカロリーは推定しない"",""nutrition"":null,""resolved_nutrition"":null,""calorie_source"":null,""needs_review"":true}],""totals"":{""calories_kcal"":null,""protein_g"":null,""fat_g"":null,""carbs_g"":null}},""snacks"":{""items"":[],""totals"":{""calories_kcal"":null,""protein_g"":null,""fat_g"":null,""carbs_g"":null}},""drinks"":{""items"":[{""name"":""水"",""quantity"":null,""quantity_text"":null,""unit"":null,""notes"":null,""nutrition"":{""calories_kcal"":0.0,""protein_g"":0.0,""fat_g"":0.0,""carbs_g"":0.0,""basis"":""total""},""resolved_nutrition"":{""calories_kcal"":0.0,""protein_g"":0.0,""fat_g"":0.0,""carbs_g"":0.0,""basis"":""total""},""calorie_source"":""explicit"",""needs_review"":false},{""name"":""ビール"",""quantity"":1.0,""quantity_text"":null,""unit"":""杯"",""notes"":null,""nutrition"":null,""resolved_nutrition"":{""calories_kcal"":200.0,""protein_g"":null,""fat_g"":null,""carbs_g"":null,""sugar_g"":null,""fiber_g"":null,""salt_g"":null},""calorie_source"":""generic"",""needs_review"":false},{""name"":""ハイボール"",""quantity"":3.0,""quantity_text"":null,""unit"":""杯"",""notes"":null,""nutrition"":null,""resolved_nutrition"":null,""calorie_source"":null,""needs_review"":true}],""totals"":{""calories_kcal"":200.0,""protein_g"":0.0,""fat_g"":0.0,""carbs_g"":0.0}}}","{""performed"":false,""program_name"":null,""workout_type"":null,""duration_minutes"":0,""notes"":null,""exercises"":[]}",imp_20260801_01b0e21bd7567fa3,1.0
2026-08-02,NORMAL,,82.7,7301,C,7.0,,木耳肉卵、白米、半ラーメン,,ドトール マスカットヨーグルン,,1845.0,なし,なし,6.0,なし,,なし,0,"朝食と夕食は食べなかった
昼食は新中野の尚ちゃんラーメンで木耳肉卵定食、ライス中、半ラーメンを食べた
昼食は栄養表示不明のため、油や味付けを含めて保守的に推定
間食にドトールのマスカットヨーグルンMサイズを飲んだ
ジムは休み",,1520.0,,325.0,,0.0,high,76,0.0,auto,12,20,12,6,0,10,6,10,7.1,5.4,62.6,0.0,0.0,0.0,0.0,0.0,"{""breakfast"":{""items"":[],""totals"":{""calories_kcal"":null,""protein_g"":null,""fat_g"":null,""carbs_g"":null}},""lunch"":{""items"":[{""name"":""木耳肉卵"",""quantity"":1.0,""quantity_text"":null,""unit"":""皿"",""notes"":""新中野の尚ちゃんラーメン。豚肉、卵、木耳、油、味付けを含む。栄養表示不明のため保守的に推定"",""nutrition"":{""calories_kcal"":750.0,""protein_g"":null,""fat_g"":null,""carbs_g"":null,""basis"":""total""},""resolved_nutrition"":{""calories_kcal"":750.0,""protein_g"":null,""fat_g"":null,""carbs_g"":null,""basis"":""total""},""calorie_source"":""explicit"",""needs_review"":false},{""name"":""白米"",""quantity"":1.0,""quantity_text"":null,""unit"":""中盛り"",""notes"":""木耳肉卵定食のライス中"",""nutrition"":{""calories_kcal"":420.0,""protein_g"":null,""fat_g"":null,""carbs_g"":null,""basis"":""total""},""resolved_nutrition"":{""calories_kcal"":420.0,""protein_g"":null,""fat_g"":null,""carbs_g"":null,""basis"":""total""},""calorie_source"":""explicit"",""needs_review"":false},{""name"":""半ラーメン"",""quantity"":1.0,""quantity_text"":null,""unit"":""杯"",""notes"":""尚ちゃんラーメン。麺、スープ、具材を含めて保守的に推定"",""nutrition"":{""calories_kcal"":350.0,""protein_g"":null,""fat_g"":null,""carbs_g"":null,""basis"":""total""},""resolved_nutrition"":{""calories_kcal"":350.0,""protein_g"":null,""fat_g"":null,""carbs_g"":null,""basis"":""total""},""calorie_source"":""explicit"",""needs_review"":false}],""totals"":{""calories_kcal"":1520.0,""protein_g"":null,""fat_g"":null,""carbs_g"":null}},""dinner"":{""items"":[],""totals"":{""calories_kcal"":null,""protein_g"":null,""fat_g"":null,""carbs_g"":null}},""snacks"":{""items"":[{""name"":""ドトール マスカットヨーグルン"",""quantity"":1.0,""quantity_text"":null,""unit"":""Mサイズ"",""notes"":null,""nutrition"":{""calories_kcal"":325.0,""protein_g"":7.1,""fat_g"":5.4,""carbs_g"":62.6,""basis"":""total""},""resolved_nutrition"":{""calories_kcal"":325.0,""protein_g"":7.1,""fat_g"":5.4,""carbs_g"":62.6,""basis"":""total""},""calorie_source"":""explicit"",""needs_review"":false}],""totals"":{""calories_kcal"":325.0,""protein_g"":7.1,""fat_g"":5.4,""carbs_g"":62.6}},""drinks"":{""items"":[],""totals"":{""calories_kcal"":null,""protein_g"":null,""fat_g"":null,""carbs_g"":null}}}","{""performed"":false,""program_name"":null,""workout_type"":null,""duration_minutes"":0,""notes"":null,""exercises"":[]}",imp_20260802_e3ec231987dff1d5,1.0
2026-08-03,NORMAL,,82.5,13599,S,8.0,白米、タカノフーズ 山わさび納豆、伊藤園 理想のトマト,カツ丼、明治 SAVAS ミルクプロテイン,なか卯 とろたま親子丼 並盛、なか卯 豚汁、なか卯 サラダ,モンスター バッドアップル,,2589.0,あり,,8.0,なし,,,0,"約1週間ぶりにジムへ復帰。
ベンチプレスは95kgで5・5・4・4回。
懸垂は自重10回を4セット達成。
スクワットは100kgで8回を4セット達成。
歩数13,599歩。
豚汁とサラダのカロリーは暫定推定値。",495.0,1029.0,885.0,180.0,,0.0,high,87,0.0,auto,12,15,12,10,10,10,8,10,76.4,56.6,216.5,0.0,1.0,0.0,0.0,,"{""breakfast"":{""items"":[{""name"":""白米"",""quantity"":200.0,""quantity_text"":null,""unit"":""g"",""notes"":null,""nutrition"":{""calories_kcal"":336.0,""protein_g"":null,""fat_g"":null,""carbs_g"":null,""basis"":""total""},""resolved_nutrition"":{""calories_kcal"":336.0,""protein_g"":null,""fat_g"":null,""carbs_g"":null,""basis"":""total""},""calorie_source"":""explicit"",""needs_review"":false},{""name"":""タカノフーズ 山わさび納豆"",""quantity"":1.0,""quantity_text"":null,""unit"":""パック"",""notes"":null,""nutrition"":{""calories_kcal"":89.0,""protein_g"":6.8,""fat_g"":4.2,""carbs_g"":7.4,""basis"":""per_package""},""resolved_nutrition"":{""calories_kcal"":89.0,""protein_g"":6.8,""fat_g"":4.2,""carbs_g"":7.4,""sugar_g"":null,""fiber_g"":null,""salt_g"":null},""calorie_source"":""explicit"",""needs_review"":false},{""name"":""伊藤園 理想のトマト"",""quantity"":200.0,""quantity_text"":null,""unit"":""ml"",""notes"":null,""nutrition"":{""calories_kcal"":75.0,""protein_g"":3.3,""fat_g"":0.0,""carbs_g"":16.8,""basis"":""per_package""},""resolved_nutrition"":{""calories_kcal"":70.0,""protein_g"":null,""fat_g"":null,""carbs_g"":null,""sugar_g"":null,""fiber_g"":null,""salt_g"":null},""calorie_source"":""generic"",""needs_review"":false}],""totals"":{""calories_kcal"":495.0,""protein_g"":6.8,""fat_g"":4.2,""carbs_g"":7.4}},""lunch"":{""items"":[{""name"":""カツ丼"",""quantity"":1.0,""quantity_text"":null,""unit"":""個"",""notes"":null,""nutrition"":{""calories_kcal"":899.0,""protein_g"":32.8,""fat_g"":33.4,""carbs_g"":113.9,""basis"":""total""},""resolved_nutrition"":{""calories_kcal"":899.0,""protein_g"":32.8,""fat_g"":33.4,""carbs_g"":113.9,""basis"":""total""},""calorie_source"":""explicit"",""needs_review"":false},{""name"":""明治 SAVAS ミルクプロテイン"",""quantity"":200.0,""quantity_text"":null,""unit"":""ml"",""notes"":null,""nutrition"":{""calories_kcal"":103.0,""protein_g"":15.0,""fat_g"":0.0,""carbs_g"":10.8,""basis"":""per_package""},""resolved_nutrition"":{""calories_kcal"":130.0,""protein_g"":null,""fat_g"":null,""carbs_g"":null,""sugar_g"":null,""fiber_g"":null,""salt_g"":null},""calorie_source"":""generic"",""needs_review"":false}],""totals"":{""calories_kcal"":1029.0,""protein_g"":32.8,""fat_g"":33.4,""carbs_g"":113.9}},""dinner"":{""items"":[{""name"":""なか卯 とろたま親子丼 並盛"",""quantity"":1.0,""quantity_text"":null,""unit"":""杯"",""notes"":null,""nutrition"":{""calories_kcal"":720.0,""protein_g"":36.8,""fat_g"":19.0,""carbs_g"":95.2,""basis"":""total""},""resolved_nutrition"":{""calories_kcal"":720.0,""protein_g"":36.8,""fat_g"":19.0,""carbs_g"":95.2,""basis"":""total""},""calorie_source"":""explicit"",""needs_review"":false},{""name"":""なか卯 豚汁"",""quantity"":1.0,""quantity_text"":null,""unit"":""杯"",""notes"":null,""nutrition"":{""calories_kcal"":120.0,""protein_g"":null,""fat_g"":null,""carbs_g"":null,""basis"":""total""},""resolved_nutrition"":{""calories_kcal"":120.0,""protein_g"":null,""fat_g"":null,""carbs_g"":null,""basis"":""total""},""calorie_source"":""explicit"",""needs_review"":false},{""name"":""なか卯 サラダ"",""quantity"":1.0,""quantity_text"":null,""unit"":""個"",""notes"":null,""nutrition"":{""calories_kcal"":45.0,""protein_g"":null,""fat_g"":null,""carbs_g"":null,""basis"":""total""},""resolved_nutrition"":{""calories_kcal"":45.0,""protein_g"":null,""fat_g"":null,""carbs_g"":null,""basis"":""total""},""calorie_source"":""explicit"",""needs_review"":false}],""totals"":{""calories_kcal"":885.0,""protein_g"":36.8,""fat_g"":19.0,""carbs_g"":95.2}},""snacks"":{""items"":[{""name"":""モンスター バッドアップル"",""quantity"":1.0,""quantity_text"":null,""unit"":""本"",""notes"":null,""nutrition"":{""calories_kcal"":127.0,""protein_g"":null,""fat_g"":null,""carbs_g"":null,""basis"":""per_package""},""resolved_nutrition"":{""calories_kcal"":180.0,""protein_g"":null,""fat_g"":null,""carbs_g"":null,""sugar_g"":null,""fiber_g"":null,""salt_g"":null},""calorie_source"":""generic"",""needs_review"":false}],""totals"":{""calories_kcal"":180.0,""protein_g"":null,""fat_g"":null,""carbs_g"":null}},""drinks"":{""items"":[],""totals"":{""calories_kcal"":null,""protein_g"":null,""fat_g"":null,""carbs_g"":null}}}","{""performed"":true,""program_name"":null,""workout_type"":null,""duration_minutes"":null,""notes"":null,""exercises"":[]}",imp_20260803_ddf1d981ccbd55ef,1.0
2026-08-04,NORMAL,,82.8,10255,A,6.0,伊藤園 理想のトマト,温羅 煮干しぶっかけうどん、とり天、細めちくわ天ぷら、SAVAS BIO PRO ヨーグルト味,松屋 オリジナルソースローストビーフ、松屋 生野菜生卵セット、松屋 豚汁,ドデカベビースター,モンスターエナジー オリジナル,2475.0,なし,なし,7.0,なし,,なし,0,"前日の脚トレによる大腿四頭筋の筋肉痛あり
夜に約40分の回復ウォーキングを実施
歩行中に大腿四頭筋が温まり、張りを感じたが鋭い痛みはなし
昼食のうどん・とり天・ちくわ天は栄養表示不明のため推定
今後は通常のモンスターエナジーからゼロシュガータイプへ切り替える予定",75.0,1058.0,981.0,183.0,178.0,0.0,high,73,0.0,auto,12,15,12,9,0,8,7,10,61.4,48.5,196.3,0.0,0.0,0.0,0.0,0.0,"{""breakfast"":{""items"":[{""name"":""伊藤園 理想のトマト"",""quantity"":200.0,""quantity_text"":null,""unit"":""ml"",""notes"":null,""nutrition"":{""calories_kcal"":75.0,""protein_g"":3.3,""fat_g"":0.0,""carbs_g"":16.8,""basis"":""total""},""resolved_nutrition"":{""calories_kcal"":75.0,""protein_g"":3.3,""fat_g"":0.0,""carbs_g"":16.8,""basis"":""total""},""calorie_source"":""explicit"",""needs_review"":false}],""totals"":{""calories_kcal"":75.0,""protein_g"":3.3,""fat_g"":0.0,""carbs_g"":16.8}},""lunch"":{""items"":[{""name"":""温羅 煮干しぶっかけうどん"",""quantity"":1.0,""quantity_text"":null,""unit"":""並盛"",""notes"":""鶏レアチャーシュー付き。栄養表示不明のため推定"",""nutrition"":{""calories_kcal"":650.0,""protein_g"":null,""fat_g"":null,""carbs_g"":null,""basis"":""total""},""resolved_nutrition"":{""calories_kcal"":650.0,""protein_g"":null,""fat_g"":null,""carbs_g"":null,""basis"":""total""},""calorie_source"":""explicit"",""needs_review"":false},{""name"":""とり天"",""quantity"":1.0,""quantity_text"":null,""unit"":""個"",""notes"":""栄養表示不明のため推定"",""nutrition"":{""calories_kcal"":140.0,""protein_g"":null,""fat_g"":null,""carbs_g"":null,""basis"":""total""},""resolved_nutrition"":{""calories_kcal"":140.0,""protein_g"":null,""fat_g"":null,""carbs_g"":null,""basis"":""total""},""calorie_source"":""explicit"",""needs_review"":false},{""name"":""細めちくわ天ぷら"",""quantity"":2.0,""quantity_text"":null,""unit"":""本"",""notes"":""サービス品。栄養表示不明のため2本合計で推定"",""nutrition"":{""calories_kcal"":150.0,""protein_g"":null,""fat_g"":null,""carbs_g"":null,""basis"":""total""},""resolved_nutrition"":{""calories_kcal"":150.0,""protein_g"":null,""fat_g"":null,""carbs_g"":null,""basis"":""total""},""calorie_source"":""explicit"",""needs_review"":false},{""name"":""SAVAS BIO PRO ヨーグルト味"",""quantity"":1.0,""quantity_text"":null,""unit"":""本"",""notes"":null,""nutrition"":{""calories_kcal"":118.0,""protein_g"":15.0,""fat_g"":null,""carbs_g"":null,""basis"":""total""},""resolved_nutrition"":{""calories_kcal"":118.0,""protein_g"":15.0,""fat_g"":null,""carbs_g"":null,""basis"":""total""},""calorie_source"":""explicit"",""needs_review"":false}],""totals"":{""calories_kcal"":1058.0,""protein_g"":15.0,""fat_g"":null,""carbs_g"":null}},""dinner"":{""items"":[{""name"":""松屋 オリジナルソースローストビーフ"",""quantity"":1.0,""quantity_text"":null,""unit"":""食"",""notes"":null,""nutrition"":{""calories_kcal"":643.0,""protein_g"":24.2,""fat_g"":20.0,""carbs_g"":86.3,""basis"":""total""},""resolved_nutrition"":{""calories_kcal"":643.0,""protein_g"":24.2,""fat_g"":20.0,""carbs_g"":86.3,""basis"":""total""},""calorie_source"":""explicit"",""needs_review"":false},{""name"":""松屋 生野菜生卵セット"",""quantity"":1.0,""quantity_text"":null,""unit"":""セット"",""notes"":null,""nutrition"":{""calories_kcal"":95.0,""protein_g"":7.0,""fat_g"":5.1,""carbs_g"":5.3,""basis"":""total""},""resolved_nutrition"":{""calories_kcal"":95.0,""protein_g"":7.0,""fat_g"":5.1,""carbs_g"":5.3,""basis"":""total""},""calorie_source"":""explicit"",""needs_review"":false},{""name"":""松屋 豚汁"",""quantity"":1.0,""quantity_text"":null,""unit"":""杯"",""notes"":""ローストビーフに付属する味噌汁から変更"",""nutrition"":{""calories_kcal"":243.0,""protein_g"":9.2,""fat_g"":14.9,""carbs_g"":17.6,""basis"":""total""},""resolved_nutrition"":{""calories_kcal"":243.0,""protein_g"":9.2,""fat_g"":14.9,""carbs_g"":17.6,""basis"":""total""},""calorie_source"":""explicit"",""needs_review"":false}],""totals"":{""calories_kcal"":981.0,""protein_g"":40.4,""fat_g"":40.0,""carbs_g"":109.2}},""snacks"":{""items"":[{""name"":""ドデカベビースター"",""quantity"":37.0,""quantity_text"":null,""unit"":""g"",""notes"":null,""nutrition"":{""calories_kcal"":183.0,""protein_g"":2.7,""fat_g"":8.5,""carbs_g"":24.1,""basis"":""total""},""resolved_nutrition"":{""calories_kcal"":183.0,""protein_g"":2.7,""fat_g"":8.5,""carbs_g"":24.1,""basis"":""total""},""calorie_source"":""explicit"",""needs_review"":false}],""totals"":{""calories_kcal"":183.0,""protein_g"":2.7,""fat_g"":8.5,""carbs_g"":24.1}},""drinks"":{""items"":[{""name"":""モンスターエナジー オリジナル"",""quantity"":355.0,""quantity_text"":null,""unit"":""ml"",""notes"":null,""nutrition"":{""calories_kcal"":178.0,""protein_g"":0.0,""fat_g"":0.0,""carbs_g"":46.2,""basis"":""total""},""resolved_nutrition"":{""calories_kcal"":178.0,""protein_g"":0.0,""fat_g"":0.0,""carbs_g"":46.2,""basis"":""total""},""calorie_source"":""explicit"",""needs_review"":false}],""totals"":{""calories_kcal"":178.0,""protein_g"":0.0,""fat_g"":0.0,""carbs_g"":46.2}}}","{""performed"":false,""program_name"":null,""workout_type"":null,""duration_minutes"":0,""notes"":null,""exercises"":[]}",imp_20260804_498781cc3f7a3f9f,1.0
2026-08-05,NORMAL,健康診断,83.3,8676,B,6.0,スターバックス コールドブリューコーヒー、スターバックス チキン＆チーズ アラビアータ 石窯フィローネ,ファミリーマート 冷製よだれ鶏うどん、ファミリーマート いか明太子と卵黄醤油だれおむすび、ファミリーマート 味付けゆでたまご、SAVAS BIO PRO ヨーグルト味,松屋 ネギたっぷり旨辛ネギたま牛めし 並盛、松屋 生野菜、松屋 豚汁,C1000 ビタミンレモン、オイコスPRO バニラ味,,2470.0,なし,なし,7.0,なし,,なし,0,"朝は健康診断のため絶食した
健康診断で身長174.8cm、体重83.0kgと測定された
BodyOSの日次体重は自宅で測定した83.3kgを採用
健康診断後の9時15分頃にスターバックスで朝食を食べた
仕事が23時30分頃まで続き、深夜に松屋で夕食を食べた
飲酒なし",367.0,812.0,1085.0,206.0,,0.0,high,75,0.0,auto,12,15,15,8,0,8,7,10,115.8,76.9,304.5,0.0,0.0,0.0,0.0,0.0,"{""breakfast"":{""items"":[{""name"":""スターバックス コールドブリューコーヒー"",""quantity"":1.0,""quantity_text"":null,""unit"":""杯"",""notes"":""無糖・ミルクなし"",""nutrition"":{""calories_kcal"":5.0,""protein_g"":0.0,""fat_g"":0.0,""carbs_g"":0.0,""basis"":""total""},""resolved_nutrition"":{""calories_kcal"":5.0,""protein_g"":0.0,""fat_g"":0.0,""carbs_g"":0.0,""basis"":""total""},""calorie_source"":""explicit"",""needs_review"":false},{""name"":""スターバックス チキン＆チーズ アラビアータ 石窯フィローネ"",""quantity"":1.0,""quantity_text"":null,""unit"":""個"",""notes"":null,""nutrition"":{""calories_kcal"":362.0,""protein_g"":21.8,""fat_g"":11.5,""carbs_g"":42.8,""basis"":""total""},""resolved_nutrition"":{""calories_kcal"":362.0,""protein_g"":21.8,""fat_g"":11.5,""carbs_g"":42.8,""basis"":""total""},""calorie_source"":""explicit"",""needs_review"":false}],""totals"":{""calories_kcal"":367.0,""protein_g"":21.8,""fat_g"":11.5,""carbs_g"":42.8}},""lunch"":{""items"":[{""name"":""ファミリーマート 冷製よだれ鶏うどん"",""quantity"":1.0,""quantity_text"":null,""unit"":""個"",""notes"":null,""nutrition"":{""calories_kcal"":430.0,""protein_g"":18.3,""fat_g"":6.7,""carbs_g"":75.5,""basis"":""total""},""resolved_nutrition"":{""calories_kcal"":430.0,""protein_g"":18.3,""fat_g"":6.7,""carbs_g"":75.5,""basis"":""total""},""calorie_source"":""explicit"",""needs_review"":false},{""name"":""ファミリーマート いか明太子と卵黄醤油だれおむすび"",""quantity"":1.0,""quantity_text"":null,""unit"":""個"",""notes"":null,""nutrition"":{""calories_kcal"":195.0,""protein_g"":4.4,""fat_g"":1.7,""carbs_g"":40.6,""basis"":""total""},""resolved_nutrition"":{""calories_kcal"":195.0,""protein_g"":4.4,""fat_g"":1.7,""carbs_g"":40.6,""basis"":""total""},""calorie_source"":""explicit"",""needs_review"":false},{""name"":""ファミリーマート 味付けゆでたまご"",""quantity"":1.0,""quantity_text"":null,""unit"":""個"",""notes"":null,""nutrition"":{""calories_kcal"":69.0,""protein_g"":6.2,""fat_g"":4.7,""carbs_g"":0.6,""basis"":""total""},""resolved_nutrition"":{""calories_kcal"":69.0,""protein_g"":6.2,""fat_g"":4.7,""carbs_g"":0.6,""basis"":""total""},""calorie_source"":""explicit"",""needs_review"":false},{""name"":""SAVAS BIO PRO ヨーグルト味"",""quantity"":1.0,""quantity_text"":null,""unit"":""本"",""notes"":null,""nutrition"":{""calories_kcal"":118.0,""protein_g"":15.0,""fat_g"":1.0,""carbs_g"":11.1,""basis"":""total""},""resolved_nutrition"":{""calories_kcal"":118.0,""protein_g"":15.0,""fat_g"":1.0,""carbs_g"":11.1,""basis"":""total""},""calorie_source"":""explicit"",""needs_review"":false}],""totals"":{""calories_kcal"":812.0,""protein_g"":43.9,""fat_g"":14.1,""carbs_g"":127.8}},""dinner"":{""items"":[{""name"":""松屋 ネギたっぷり旨辛ネギたま牛めし 並盛"",""quantity"":1.0,""quantity_text"":null,""unit"":""杯"",""notes"":null,""nutrition"":{""calories_kcal"":818.0,""protein_g"":24.7,""fat_g"":36.2,""carbs_g"":94.1,""basis"":""total""},""resolved_nutrition"":{""calories_kcal"":818.0,""protein_g"":24.7,""fat_g"":36.2,""carbs_g"":94.1,""basis"":""total""},""calorie_source"":""explicit"",""needs_review"":false},{""name"":""松屋 生野菜"",""quantity"":1.0,""quantity_text"":null,""unit"":""個"",""notes"":null,""nutrition"":{""calories_kcal"":24.0,""protein_g"":1.2,""fat_g"":0.2,""carbs_g"":5.2,""basis"":""total""},""resolved_nutrition"":{""calories_kcal"":24.0,""protein_g"":1.2,""fat_g"":0.2,""carbs_g"":5.2,""basis"":""total""},""calorie_source"":""explicit"",""needs_review"":false},{""name"":""松屋 豚汁"",""quantity"":1.0,""quantity_text"":null,""unit"":""杯"",""notes"":null,""nutrition"":{""calories_kcal"":243.0,""protein_g"":9.2,""fat_g"":14.9,""carbs_g"":17.6,""basis"":""total""},""resolved_nutrition"":{""calories_kcal"":243.0,""protein_g"":9.2,""fat_g"":14.9,""carbs_g"":17.6,""basis"":""total""},""calorie_source"":""explicit"",""needs_review"":false}],""totals"":{""calories_kcal"":1085.0,""protein_g"":35.1,""fat_g"":51.3,""carbs_g"":116.9}},""snacks"":{""items"":[{""name"":""C1000 ビタミンレモン"",""quantity"":140.0,""quantity_text"":null,""unit"":""ml"",""notes"":null,""nutrition"":{""calories_kcal"":68.0,""protein_g"":0.0,""fat_g"":0.0,""carbs_g"":17.0,""basis"":""total""},""resolved_nutrition"":{""calories_kcal"":68.0,""protein_g"":0.0,""fat_g"":0.0,""carbs_g"":17.0,""basis"":""total""},""calorie_source"":""explicit"",""needs_review"":false},{""name"":""オイコスPRO バニラ味"",""quantity"":1.0,""quantity_text"":null,""unit"":""個"",""notes"":null,""nutrition"":{""calories_kcal"":138.0,""protein_g"":15.0,""fat_g"":null,""carbs_g"":null,""basis"":""total""},""resolved_nutrition"":{""calories_kcal"":138.0,""protein_g"":15.0,""fat_g"":null,""carbs_g"":null,""basis"":""total""},""calorie_source"":""explicit"",""needs_review"":false}],""totals"":{""calories_kcal"":206.0,""protein_g"":15.0,""fat_g"":0.0,""carbs_g"":17.0}},""drinks"":{""items"":[],""totals"":{""calories_kcal"":null,""protein_g"":null,""fat_g"":null,""carbs_g"":null}}}","{""performed"":false,""program_name"":null,""workout_type"":null,""duration_minutes"":0,""notes"":""筋肉痛が残っていたため休養"",""exercises"":[]}",imp_20260805_22f2db85340fd2fc,1.0
2026-08-06,NORMAL,,82.9,7139,C,4.75,伊藤園 理想のトマト,スモークチキン、SAVAS ミルクプロテイン、オクラの岩塩和え、鶏丼,牛たん、白米,,ビール、ハイボール,2590.0,なし,なし,7.0,あり,ビール1杯、ハイボール約5杯,moderate,0,"昼食は信濃町ワイズマートで購入
夜は四谷のたん焼忍で友人と会食
牛たんを多めに食べ、ご飯180gを摂取
昼食および牛たんの栄養値は推定",75.0,873.0,1152.0,,490.0,0.0,high,62,0.0,auto,12,15,15,6,0,2,7,5,126.3,63.5,130.6,0.0,0.0,0.0,0.0,0.0,"{""breakfast"":{""items"":[{""name"":""伊藤園 理想のトマト"",""quantity"":200.0,""quantity_text"":null,""unit"":""ml"",""notes"":null,""nutrition"":{""calories_kcal"":75.0,""protein_g"":3.3,""fat_g"":0.0,""carbs_g"":16.8,""basis"":""total""},""resolved_nutrition"":{""calories_kcal"":75.0,""protein_g"":3.3,""fat_g"":0.0,""carbs_g"":16.8,""basis"":""total""},""calorie_source"":""explicit"",""needs_review"":false}],""totals"":{""calories_kcal"":75.0,""protein_g"":3.3,""fat_g"":0.0,""carbs_g"":16.8}},""lunch"":{""items"":[{""name"":""スモークチキン"",""quantity"":1.0,""quantity_text"":null,""unit"":""個"",""notes"":""信濃町ワイズマートで購入。栄養値は推定"",""nutrition"":{""calories_kcal"":115.0,""protein_g"":23.0,""fat_g"":2.0,""carbs_g"":1.0,""basis"":""total""},""resolved_nutrition"":{""calories_kcal"":115.0,""protein_g"":23.0,""fat_g"":2.0,""carbs_g"":1.0,""basis"":""total""},""calorie_source"":""explicit"",""needs_review"":false},{""name"":""SAVAS ミルクプロテイン"",""quantity"":1.0,""quantity_text"":null,""unit"":""本"",""notes"":null,""nutrition"":{""calories_kcal"":103.0,""protein_g"":15.0,""fat_g"":0.0,""carbs_g"":10.8,""basis"":""total""},""resolved_nutrition"":{""calories_kcal"":103.0,""protein_g"":15.0,""fat_g"":0.0,""carbs_g"":10.8,""basis"":""total""},""calorie_source"":""explicit"",""needs_review"":false},{""name"":""オクラの岩塩和え"",""quantity"":1.0,""quantity_text"":null,""unit"":""個"",""notes"":""信濃町ワイズマートで購入。正式商品名不明、栄養値は推定"",""nutrition"":{""calories_kcal"":35.0,""protein_g"":2.0,""fat_g"":0.5,""carbs_g"":6.0,""basis"":""total""},""resolved_nutrition"":{""calories_kcal"":35.0,""protein_g"":2.0,""fat_g"":0.5,""carbs_g"":6.0,""basis"":""total""},""calorie_source"":""explicit"",""needs_review"":false},{""name"":""鶏丼"",""quantity"":1.0,""quantity_text"":null,""unit"":""個"",""notes"":""信濃町ワイズマートで購入。栄養値は推定"",""nutrition"":{""calories_kcal"":620.0,""protein_g"":28.0,""fat_g"":16.0,""carbs_g"":88.0,""basis"":""total""},""resolved_nutrition"":{""calories_kcal"":620.0,""protein_g"":28.0,""fat_g"":16.0,""carbs_g"":88.0,""basis"":""total""},""calorie_source"":""explicit"",""needs_review"":false}],""totals"":{""calories_kcal"":873.0,""protein_g"":68.0,""fat_g"":18.5,""carbs_g"":105.8}},""dinner"":{""items"":[{""name"":""牛たん"",""quantity"":1.0,""quantity_text"":null,""unit"":""食"",""notes"":""四谷のたん焼忍で多めに摂取。栄養値は推定"",""nutrition"":{""calories_kcal"":850.0,""protein_g"":55.0,""fat_g"":45.0,""carbs_g"":8.0,""basis"":""total""},""resolved_nutrition"":{""calories_kcal"":850.0,""protein_g"":55.0,""fat_g"":45.0,""carbs_g"":8.0,""basis"":""total""},""calorie_source"":""explicit"",""needs_review"":false},{""name"":""白米"",""quantity"":180.0,""quantity_text"":null,""unit"":""g"",""notes"":null,""nutrition"":{""calories_kcal"":302.0,""protein_g"":null,""fat_g"":null,""carbs_g"":null,""basis"":""total""},""resolved_nutrition"":{""calories_kcal"":302.0,""protein_g"":null,""fat_g"":null,""carbs_g"":null,""basis"":""total""},""calorie_source"":""explicit"",""needs_review"":false}],""totals"":{""calories_kcal"":1152.0,""protein_g"":55.0,""fat_g"":45.0,""carbs_g"":8.0}},""snacks"":{""items"":[],""totals"":{""calories_kcal"":null,""protein_g"":null,""fat_g"":null,""carbs_g"":null}},""drinks"":{""items"":[{""name"":""ビール"",""quantity"":1.0,""quantity_text"":null,""unit"":""杯"",""notes"":""カロリーは推定"",""nutrition"":{""calories_kcal"":140.0,""protein_g"":null,""fat_g"":0.0,""carbs_g"":null,""basis"":""total""},""resolved_nutrition"":{""calories_kcal"":140.0,""protein_g"":null,""fat_g"":0.0,""carbs_g"":null,""basis"":""total""},""calorie_source"":""explicit"",""needs_review"":false},{""name"":""ハイボール"",""quantity"":5.0,""quantity_text"":null,""unit"":""杯"",""notes"":""約5杯。5杯合計のカロリーは推定"",""nutrition"":{""calories_kcal"":350.0,""protein_g"":0.0,""fat_g"":0.0,""carbs_g"":null,""basis"":""total""},""resolved_nutrition"":{""calories_kcal"":350.0,""protein_g"":0.0,""fat_g"":0.0,""carbs_g"":null,""basis"":""total""},""calorie_source"":""explicit"",""needs_review"":false}],""totals"":{""calories_kcal"":490.0,""protein_g"":0.0,""fat_g"":0.0,""carbs_g"":null}}}","{""performed"":false,""program_name"":null,""workout_type"":null,""duration_minutes"":0,""notes"":null,""exercises"":[]}",imp_20260806_811ac080e6b64e50,1.0
2026-08-07,NORMAL,,82.2,4391,D,6.0,伊藤園 理想のトマト,ファミリーマート お手軽！冷しぶっかけうどん、半熟ゆでたまご、温泉たまご、SAVAS BIO ヨーグルト味,デニーズ 3種のグリルコンボ、エビフライ、ライス、グリーンサラダ（コブドレッシング）,カルビー ポテトチップス 超薄切りこだわりしお味,amino supli,2108.0,なし,なし,6.0,なし,,なし,0,"夜は彼女とデニーズで食事。
ジムは翌日に延期。
8/8にDay2、8/9にDay3を実施予定。",75.0,523.0,1198.0,223.0,89.0,0.0,high,72,0.0,auto,13,20,12,3,0,8,6,10,90.6,92.7,231.2,0.0,0.0,0.0,0.0,0.0,"{""breakfast"":{""items"":[{""name"":""伊藤園 理想のトマト"",""quantity"":200.0,""quantity_text"":null,""unit"":""ml"",""notes"":null,""nutrition"":{""calories_kcal"":75.0,""protein_g"":3.3,""fat_g"":0.0,""carbs_g"":16.8,""basis"":""total""},""resolved_nutrition"":{""calories_kcal"":75.0,""protein_g"":3.3,""fat_g"":0.0,""carbs_g"":16.8,""basis"":""total""},""calorie_source"":""explicit"",""needs_review"":false}],""totals"":{""calories_kcal"":75.0,""protein_g"":3.3,""fat_g"":0.0,""carbs_g"":16.8}},""lunch"":{""items"":[{""name"":""ファミリーマート お手軽！冷しぶっかけうどん"",""quantity"":1.0,""quantity_text"":null,""unit"":""個"",""notes"":null,""nutrition"":{""calories_kcal"":278.0,""protein_g"":6.3,""fat_g"":3.3,""carbs_g"":56.5,""basis"":""total""},""resolved_nutrition"":{""calories_kcal"":278.0,""protein_g"":6.3,""fat_g"":3.3,""carbs_g"":56.5,""basis"":""total""},""calorie_source"":""explicit"",""needs_review"":false},{""name"":""半熟ゆでたまご"",""quantity"":1.0,""quantity_text"":null,""unit"":""個"",""notes"":null,""nutrition"":{""calories_kcal"":69.0,""protein_g"":6.2,""fat_g"":4.7,""carbs_g"":0.6,""basis"":""total""},""resolved_nutrition"":{""calories_kcal"":69.0,""protein_g"":6.2,""fat_g"":4.7,""carbs_g"":0.6,""basis"":""total""},""calorie_source"":""explicit"",""needs_review"":false},{""name"":""温泉たまご"",""quantity"":1.0,""quantity_text"":null,""unit"":""個"",""notes"":null,""nutrition"":{""calories_kcal"":76.0,""protein_g"":6.5,""fat_g"":5.3,""carbs_g"":0.8,""basis"":""total""},""resolved_nutrition"":{""calories_kcal"":76.0,""protein_g"":6.5,""fat_g"":5.3,""carbs_g"":0.8,""basis"":""total""},""calorie_source"":""explicit"",""needs_review"":false},{""name"":""SAVAS BIO ヨーグルト味"",""quantity"":1.0,""quantity_text"":null,""unit"":""本"",""notes"":null,""nutrition"":{""calories_kcal"":100.0,""protein_g"":10.0,""fat_g"":0.0,""carbs_g"":15.0,""basis"":""total""},""resolved_nutrition"":{""calories_kcal"":100.0,""protein_g"":10.0,""fat_g"":0.0,""carbs_g"":15.0,""basis"":""total""},""calorie_source"":""explicit"",""needs_review"":false}],""totals"":{""calories_kcal"":523.0,""protein_g"":29.0,""fat_g"":13.3,""carbs_g"":72.9}},""dinner"":{""items"":[{""name"":""デニーズ 3種のグリルコンボ"",""quantity"":1.0,""quantity_text"":null,""unit"":""皿"",""notes"":null,""nutrition"":{""calories_kcal"":724.0,""protein_g"":47.6,""fat_g"":49.2,""carbs_g"":23.6,""basis"":""total""},""resolved_nutrition"":{""calories_kcal"":724.0,""protein_g"":47.6,""fat_g"":49.2,""carbs_g"":23.6,""basis"":""total""},""calorie_source"":""explicit"",""needs_review"":false},{""name"":""エビフライ"",""quantity"":1.0,""quantity_text"":null,""unit"":""本"",""notes"":null,""nutrition"":{""calories_kcal"":130.0,""protein_g"":3.9,""fat_g"":9.5,""carbs_g"":7.4,""basis"":""total""},""resolved_nutrition"":{""calories_kcal"":130.0,""protein_g"":3.9,""fat_g"":9.5,""carbs_g"":7.4,""basis"":""total""},""calorie_source"":""explicit"",""needs_review"":false},{""name"":""ライス"",""quantity"":1.0,""quantity_text"":null,""unit"":""杯"",""notes"":null,""nutrition"":{""calories_kcal"":265.0,""protein_g"":4.3,""fat_g"":0.5,""carbs_g"":63.1,""basis"":""total""},""resolved_nutrition"":{""calories_kcal"":265.0,""protein_g"":4.3,""fat_g"":0.5,""carbs_g"":63.1,""basis"":""total""},""calorie_source"":""explicit"",""needs_review"":false},{""name"":""グリーンサラダ（コブドレッシング）"",""quantity"":1.0,""quantity_text"":null,""unit"":""皿"",""notes"":null,""nutrition"":{""calories_kcal"":79.0,""protein_g"":0.6,""fat_g"":5.8,""carbs_g"":3.8,""basis"":""total""},""resolved_nutrition"":{""calories_kcal"":79.0,""protein_g"":0.6,""fat_g"":5.8,""carbs_g"":3.8,""basis"":""total""},""calorie_source"":""explicit"",""needs_review"":false}],""totals"":{""calories_kcal"":1198.0,""protein_g"":56.4,""fat_g"":65.0,""carbs_g"":97.9}},""snacks"":{""items"":[{""name"":""カルビー ポテトチップス 超薄切りこだわりしお味"",""quantity"":40.0,""quantity_text"":null,""unit"":""g"",""notes"":null,""nutrition"":{""calories_kcal"":223.0,""protein_g"":1.9,""fat_g"":14.4,""carbs_g"":21.4,""basis"":""total""},""resolved_nutrition"":{""calories_kcal"":223.0,""protein_g"":1.9,""fat_g"":14.4,""carbs_g"":21.4,""basis"":""total""},""calorie_source"":""explicit"",""needs_review"":false}],""totals"":{""calories_kcal"":223.0,""protein_g"":1.9,""fat_g"":14.4,""carbs_g"":21.4}},""drinks"":{""items"":[{""name"":""amino supli"",""quantity"":555.0,""quantity_text"":null,""unit"":""ml"",""notes"":null,""nutrition"":{""calories_kcal"":89.0,""protein_g"":0.0,""fat_g"":0.0,""carbs_g"":22.2,""basis"":""total""},""resolved_nutrition"":{""calories_kcal"":89.0,""protein_g"":0.0,""fat_g"":0.0,""carbs_g"":22.2,""basis"":""total""},""calorie_source"":""explicit"",""needs_review"":false}],""totals"":{""calories_kcal"":89.0,""protein_g"":0.0,""fat_g"":0.0,""carbs_g"":22.2}}}","{""performed"":false,""program_name"":null,""workout_type"":null,""duration_minutes"":0,""notes"":null,""exercises"":[]}",imp_20260807_b35729bc2f9291b8,1.0
2026-08-08,NORMAL,,82.3,6791,C,5.5,鶏五目おこわ、OIKOS PRO プロテインドリンク,岩塩で食べる！蒸し鶏オクラ、皮つき長芋のとろろ蕎麦、自社製玉子焼き、SAVAS MILK PROTEIN,オクラめかぶネバネバとろーり豆腐、シーチキン＆たまごのサラダ、国産鶏のサラダチキン、白米、納豆、ゆでたまご、クノール コーンポタージュ,ベビースター系スナック、SAVAS BIO PRO ヨーグルト味,スターバックス ブラックコーヒー、マウンテンデュー,2450.0,あり,Day2 Hypertrophy / インクラインDBプレス 22kg×12 / 32kg×10 / 32kg×10 / 32kg×10 / 32kg×10 / ラットプルダウン 66kg×12 / 66kg×12 / 66kg×12 / 66kg×12 / レッグプレス 203kg×10 / 273kg×11 / 273kg×11 / 273kg×11 / DBショルダープレス 22kg×10 / 30kg×8 / 30kg×8 / 30kg×8 / サイドレイズ 14kg×15 / 14kg×15 / 14kg×15 / ストレートバーカール 30kg×12 / 30kg×12 / 30kg×12,7.0,なし,,なし,0,"体調7。
8/3以来、約5日ぶりにジムを実施。
Day2 Hypertrophyを完遂。
歩数6,791歩。",337.0,711.0,926.0,301.0,175.0,0.0,high,80,0.0,auto,12,15,15,6,10,5,7,10,118.5,46.1,234.5,0.0,1.0,6.0,23.0,75.0,"{""breakfast"":{""items"":[{""name"":""鶏五目おこわ"",""quantity"":1.0,""quantity_text"":null,""unit"":""個"",""notes"":null,""nutrition"":{""calories_kcal"":212.0,""protein_g"":5.7,""fat_g"":2.6,""carbs_g"":41.6,""basis"":""total""},""resolved_nutrition"":{""calories_kcal"":212.0,""protein_g"":5.7,""fat_g"":2.6,""carbs_g"":41.6,""basis"":""total""},""calorie_source"":""explicit"",""needs_review"":false},{""name"":""OIKOS PRO プロテインドリンク"",""quantity"":1.0,""quantity_text"":null,""unit"":""本"",""notes"":null,""nutrition"":{""calories_kcal"":125.0,""protein_g"":18.0,""fat_g"":0.0,""carbs_g"":13.2,""basis"":""total""},""resolved_nutrition"":{""calories_kcal"":125.0,""protein_g"":18.0,""fat_g"":0.0,""carbs_g"":13.2,""basis"":""total""},""calorie_source"":""explicit"",""needs_review"":false}],""totals"":{""calories_kcal"":337.0,""protein_g"":23.7,""fat_g"":2.6,""carbs_g"":54.8}},""lunch"":{""items"":[{""name"":""岩塩で食べる！蒸し鶏オクラ"",""quantity"":1.0,""quantity_text"":null,""unit"":""個"",""notes"":null,""nutrition"":{""calories_kcal"":125.0,""protein_g"":7.5,""fat_g"":8.0,""carbs_g"":7.6,""basis"":""total""},""resolved_nutrition"":{""calories_kcal"":125.0,""protein_g"":7.5,""fat_g"":8.0,""carbs_g"":7.6,""basis"":""total""},""calorie_source"":""explicit"",""needs_review"":false},{""name"":""皮つき長芋のとろろ蕎麦"",""quantity"":1.0,""quantity_text"":null,""unit"":""個"",""notes"":null,""nutrition"":{""calories_kcal"":280.0,""protein_g"":10.4,""fat_g"":2.0,""carbs_g"":56.1,""basis"":""total""},""resolved_nutrition"":{""calories_kcal"":280.0,""protein_g"":10.4,""fat_g"":2.0,""carbs_g"":56.1,""basis"":""total""},""calorie_source"":""explicit"",""needs_review"":false},{""name"":""自社製玉子焼き"",""quantity"":100.0,""quantity_text"":null,""unit"":""g"",""notes"":null,""nutrition"":{""calories_kcal"":204.0,""protein_g"":9.9,""fat_g"":13.7,""carbs_g"":9.7,""basis"":""total""},""resolved_nutrition"":{""calories_kcal"":204.0,""protein_g"":9.9,""fat_g"":13.7,""carbs_g"":9.7,""basis"":""total""},""calorie_source"":""explicit"",""needs_review"":false},{""name"":""SAVAS MILK PROTEIN"",""quantity"":200.0,""quantity_text"":null,""unit"":""ml"",""notes"":null,""nutrition"":{""calories_kcal"":102.0,""protein_g"":15.0,""fat_g"":0.0,""carbs_g"":10.6,""basis"":""total""},""resolved_nutrition"":{""calories_kcal"":102.0,""protein_g"":15.0,""fat_g"":0.0,""carbs_g"":10.6,""basis"":""total""},""calorie_source"":""explicit"",""needs_review"":false}],""totals"":{""calories_kcal"":711.0,""protein_g"":42.8,""fat_g"":23.7,""carbs_g"":84.0}},""dinner"":{""items"":[{""name"":""オクラめかぶネバネバとろーり豆腐"",""quantity"":1.0,""quantity_text"":null,""unit"":""個"",""notes"":null,""nutrition"":{""calories_kcal"":79.0,""protein_g"":8.0,""fat_g"":3.4,""carbs_g"":4.7,""basis"":""total""},""resolved_nutrition"":{""calories_kcal"":79.0,""protein_g"":8.0,""fat_g"":3.4,""carbs_g"":4.7,""basis"":""total""},""calorie_source"":""explicit"",""needs_review"":false},{""name"":""シーチキン＆たまごのサラダ"",""quantity"":1.0,""quantity_text"":null,""unit"":""個"",""notes"":null,""nutrition"":{""calories_kcal"":73.0,""protein_g"":6.4,""fat_g"":3.7,""carbs_g"":4.5,""basis"":""total""},""resolved_nutrition"":{""calories_kcal"":73.0,""protein_g"":6.4,""fat_g"":3.7,""carbs_g"":4.5,""basis"":""total""},""calorie_source"":""explicit"",""needs_review"":false},{""name"":""国産鶏のサラダチキン"",""quantity"":1.0,""quantity_text"":null,""unit"":""個"",""notes"":null,""nutrition"":{""calories_kcal"":128.0,""protein_g"":19.9,""fat_g"":3.2,""carbs_g"":5.3,""basis"":""total""},""resolved_nutrition"":{""calories_kcal"":128.0,""protein_g"":19.9,""fat_g"":3.2,""carbs_g"":5.3,""basis"":""total""},""calorie_source"":""explicit"",""needs_review"":false},{""name"":""白米"",""quantity"":200.0,""quantity_text"":null,""unit"":""g"",""notes"":""栄養値は推定"",""nutrition"":{""calories_kcal"":336.0,""protein_g"":null,""fat_g"":null,""carbs_g"":null,""basis"":""total""},""resolved_nutrition"":{""calories_kcal"":336.0,""protein_g"":null,""fat_g"":null,""carbs_g"":null,""basis"":""total""},""calorie_source"":""explicit"",""needs_review"":false},{""name"":""納豆"",""quantity"":1.0,""quantity_text"":null,""unit"":""パック"",""notes"":""栄養値は推定"",""nutrition"":{""calories_kcal"":90.0,""protein_g"":null,""fat_g"":null,""carbs_g"":null,""basis"":""total""},""resolved_nutrition"":{""calories_kcal"":90.0,""protein_g"":null,""fat_g"":null,""carbs_g"":null,""basis"":""total""},""calorie_source"":""explicit"",""needs_review"":false},{""name"":""ゆでたまご"",""quantity"":2.0,""quantity_text"":null,""unit"":""個"",""notes"":""2個合計の栄養値は推定"",""nutrition"":{""calories_kcal"":140.0,""protein_g"":null,""fat_g"":null,""carbs_g"":null,""basis"":""total""},""resolved_nutrition"":{""calories_kcal"":140.0,""protein_g"":null,""fat_g"":null,""carbs_g"":null,""basis"":""total""},""calorie_source"":""explicit"",""needs_review"":false},{""name"":""クノール コーンポタージュ"",""quantity"":1.0,""quantity_text"":null,""unit"":""杯"",""notes"":""栄養値は推定"",""nutrition"":{""calories_kcal"":80.0,""protein_g"":null,""fat_g"":null,""carbs_g"":null,""basis"":""total""},""resolved_nutrition"":{""calories_kcal"":80.0,""protein_g"":null,""fat_g"":null,""carbs_g"":null,""basis"":""total""},""calorie_source"":""explicit"",""needs_review"":false}],""totals"":{""calories_kcal"":926.0,""protein_g"":34.3,""fat_g"":10.3,""carbs_g"":14.5}},""snacks"":{""items"":[{""name"":""ベビースター系スナック"",""quantity"":37.0,""quantity_text"":null,""unit"":""g"",""notes"":null,""nutrition"":{""calories_kcal"":183.0,""protein_g"":2.7,""fat_g"":8.5,""carbs_g"":24.1,""basis"":""total""},""resolved_nutrition"":{""calories_kcal"":183.0,""protein_g"":2.7,""fat_g"":8.5,""carbs_g"":24.1,""basis"":""total""},""calorie_source"":""explicit"",""needs_review"":false},{""name"":""SAVAS BIO PRO ヨーグルト味"",""quantity"":300.0,""quantity_text"":null,""unit"":""ml"",""notes"":null,""nutrition"":{""calories_kcal"":118.0,""protein_g"":15.0,""fat_g"":1.0,""carbs_g"":11.1,""basis"":""total""},""resolved_nutrition"":{""calories_kcal"":118.0,""protein_g"":15.0,""fat_g"":1.0,""carbs_g"":11.1,""basis"":""total""},""calorie_source"":""explicit"",""needs_review"":false}],""totals"":{""calories_kcal"":301.0,""protein_g"":17.7,""fat_g"":9.5,""carbs_g"":35.2}},""drinks"":{""items"":[{""name"":""スターバックス ブラックコーヒー"",""quantity"":480.0,""quantity_text"":null,""unit"":""ml"",""notes"":null,""nutrition"":{""calories_kcal"":0.0,""protein_g"":0.0,""fat_g"":0.0,""carbs_g"":1.9,""basis"":""total""},""resolved_nutrition"":{""calories_kcal"":0.0,""protein_g"":0.0,""fat_g"":0.0,""carbs_g"":1.9,""basis"":""total""},""calorie_source"":""explicit"",""needs_review"":false},{""name"":""マウンテンデュー"",""quantity"":350.0,""quantity_text"":null,""unit"":""ml"",""notes"":null,""nutrition"":{""calories_kcal"":175.0,""protein_g"":0.0,""fat_g"":0.0,""carbs_g"":44.1,""basis"":""total""},""resolved_nutrition"":{""calories_kcal"":175.0,""protein_g"":0.0,""fat_g"":0.0,""carbs_g"":44.1,""basis"":""total""},""calorie_source"":""explicit"",""needs_review"":false}],""totals"":{""calories_kcal"":175.0,""protein_g"":0.0,""fat_g"":0.0,""carbs_g"":46.0}}}","{""performed"":true,""program_name"":""Day2 Hypertrophy"",""workout_type"":""Hypertrophy"",""duration_minutes"":75,""notes"":""8/3以来のトレーニング。主要種目で前回実績を更新。"",""exercises"":[{""exercise_order"":1,""name"":""インクラインDBプレス"",""equipment"":null,""notes"":null,""sets"":[{""weight_kg"":22.0,""reps"":12,""rpe"":null,""completed"":true,""set_type"":""warmup"",""set_order"":1},{""weight_kg"":32.0,""reps"":10,""rpe"":null,""completed"":true,""set_type"":""working"",""set_order"":2},{""weight_kg"":32.0,""reps"":10,""rpe"":null,""completed"":true,""set_type"":""working"",""set_order"":3},{""weight_kg"":32.0,""reps"":10,""rpe"":null,""completed"":true,""set_type"":""working"",""set_order"":4},{""weight_kg"":32.0,""reps"":10,""rpe"":null,""completed"":true,""set_type"":""working"",""set_order"":5}]},{""exercise_order"":2,""name"":""ラットプルダウン"",""equipment"":null,""notes"":null,""sets"":[{""weight_kg"":66.0,""reps"":12,""rpe"":null,""completed"":true,""set_type"":""working"",""set_order"":1},{""weight_kg"":66.0,""reps"":12,""rpe"":null,""completed"":true,""set_type"":""working"",""set_order"":2},{""weight_kg"":66.0,""reps"":12,""rpe"":null,""completed"":true,""set_type"":""working"",""set_order"":3},{""weight_kg"":66.0,""reps"":12,""rpe"":null,""completed"":true,""set_type"":""working"",""set_order"":4}]},{""exercise_order"":3,""name"":""レッグプレス"",""equipment"":null,""notes"":null,""sets"":[{""weight_kg"":203.0,""reps"":10,""rpe"":null,""completed"":true,""set_type"":""warmup"",""set_order"":1},{""weight_kg"":273.0,""reps"":11,""rpe"":null,""completed"":true,""set_type"":""working"",""set_order"":2},{""weight_kg"":273.0,""reps"":11,""rpe"":null,""completed"":true,""set_type"":""working"",""set_order"":3},{""weight_kg"":273.0,""reps"":11,""rpe"":null,""completed"":true,""set_type"":""working"",""set_order"":4}]},{""exercise_order"":4,""name"":""DBショルダープレス"",""equipment"":null,""notes"":null,""sets"":[{""weight_kg"":22.0,""reps"":10,""rpe"":null,""completed"":true,""set_type"":""warmup"",""set_order"":1},{""weight_kg"":30.0,""reps"":8,""rpe"":null,""completed"":true,""set_type"":""working"",""set_order"":2},{""weight_kg"":30.0,""reps"":8,""rpe"":null,""completed"":true,""set_type"":""working"",""set_order"":3},{""weight_kg"":30.0,""reps"":8,""rpe"":null,""completed"":true,""set_type"":""working"",""set_order"":4}]},{""exercise_order"":5,""name"":""サイドレイズ"",""equipment"":null,""notes"":null,""sets"":[{""weight_kg"":14.0,""reps"":15,""rpe"":null,""completed"":true,""set_type"":""working"",""set_order"":1},{""weight_kg"":14.0,""reps"":15,""rpe"":null,""completed"":true,""set_type"":""working"",""set_order"":2},{""weight_kg"":14.0,""reps"":15,""rpe"":null,""completed"":true,""set_type"":""working"",""set_order"":3}]},{""exercise_order"":6,""name"":""ストレートバーカール"",""equipment"":null,""notes"":""EZバーが使用できなかったためストレートバーで実施"",""sets"":[{""weight_kg"":30.0,""reps"":12,""rpe"":null,""completed"":true,""set_type"":""working"",""set_order"":1},{""weight_kg"":30.0,""reps"":12,""rpe"":null,""completed"":true,""set_type"":""working"",""set_order"":2},{""weight_kg"":30.0,""reps"":12,""rpe"":null,""completed"":true,""set_type"":""working"",""set_order"":3}]}]}",imp_20260808_4cfe03ffff5ca329,1.0
2026-08-09,NORMAL,彼女と飯田橋で夕食,82.3,14433,S,7.5,伊藤園 理想のトマト、白米、納豆,やよい軒 生姜焼き定食（もち麦ごはん普通盛・貝汁変更）、やよい軒 生卵、ご飯 おかわり,すだちそば 並、天ぷら、玉子焼き,,ビール、日本酒,2641.0,あり,Day3 Hybrid / ベンチプレス 20kg×15 / 60kg×8 / 70kg×3 / 76.5kg×8 / 76.5kg×8 / 76.5kg×8 / 76.5kg×8 / RDL 60kg×8 / 70kg×5 / 85kg×9 / 85kg×9 / 85kg×9 / 85kg×9 / 懸垂 8回 / 8回 / 8回 / ブルガリアンスクワット 20kg×10 / 20kg×10 / フェイスプル 28.75kg×15 / 28.75kg×15 / 28.75kg×15 / レッグレイズ 10回 / 20回 / 20回,8.0,あり,ビール1杯、日本酒グラス1杯,少量,0,"睡眠7.5時間、体調8。
8/8に続いて2日連続でジムを実施。
ジム前に軽いウォーキングを実施。
夜は飯田橋で彼女と外食。
夕食のすだちそば、天ぷら、玉子焼き、アルコールの栄養値は概算。
歩数14,433歩。",500.0,991.0,900.0,,250.0,0.0,high,85,0.0,auto,12,15,12,10,10,10,8,8,38.7,42.5,96.4,0.0,1.0,6.0,24.0,70.0,"{""breakfast"":{""items"":[{""name"":""伊藤園 理想のトマト"",""quantity"":200.0,""quantity_text"":null,""unit"":""ml"",""notes"":null,""nutrition"":{""calories_kcal"":75.0,""protein_g"":3.3,""fat_g"":0.0,""carbs_g"":16.8,""basis"":""total""},""resolved_nutrition"":{""calories_kcal"":75.0,""protein_g"":3.3,""fat_g"":0.0,""carbs_g"":16.8,""basis"":""total""},""calorie_source"":""explicit"",""needs_review"":false},{""name"":""白米"",""quantity"":200.0,""quantity_text"":null,""unit"":""g"",""notes"":""栄養値は標準的な白米からの推定"",""nutrition"":{""calories_kcal"":336.0,""protein_g"":null,""fat_g"":null,""carbs_g"":null,""basis"":""total""},""resolved_nutrition"":{""calories_kcal"":336.0,""protein_g"":null,""fat_g"":null,""carbs_g"":null,""basis"":""total""},""calorie_source"":""explicit"",""needs_review"":false},{""name"":""納豆"",""quantity"":1.0,""quantity_text"":null,""unit"":""パック"",""notes"":""1パック分として概算"",""nutrition"":{""calories_kcal"":89.0,""protein_g"":null,""fat_g"":null,""carbs_g"":null,""basis"":""total""},""resolved_nutrition"":{""calories_kcal"":89.0,""protein_g"":null,""fat_g"":null,""carbs_g"":null,""basis"":""total""},""calorie_source"":""explicit"",""needs_review"":false}],""totals"":{""calories_kcal"":500.0,""protein_g"":3.3,""fat_g"":0.0,""carbs_g"":16.8}},""lunch"":{""items"":[{""name"":""やよい軒 生姜焼き定食（もち麦ごはん普通盛・貝汁変更）"",""quantity"":1.0,""quantity_text"":null,""unit"":""食"",""notes"":""通常の生姜焼き定食733kcalから味噌汁21kcalを除き、貝汁37kcalへ変更"",""nutrition"":{""calories_kcal"":749.0,""protein_g"":28.6,""fat_g"":36.8,""carbs_g"":79.4,""basis"":""total""},""resolved_nutrition"":{""calories_kcal"":749.0,""protein_g"":28.6,""fat_g"":36.8,""carbs_g"":79.4,""basis"":""total""},""calorie_source"":""explicit"",""needs_review"":false},{""name"":""やよい軒 生卵"",""quantity"":1.0,""quantity_text"":null,""unit"":""個"",""notes"":null,""nutrition"":{""calories_kcal"":83.0,""protein_g"":6.8,""fat_g"":5.7,""carbs_g"":0.2,""basis"":""total""},""resolved_nutrition"":{""calories_kcal"":83.0,""protein_g"":6.8,""fat_g"":5.7,""carbs_g"":0.2,""basis"":""total""},""calorie_source"":""explicit"",""needs_review"":false},{""name"":""ご飯 おかわり"",""quantity"":90.0,""quantity_text"":null,""unit"":""g"",""notes"":""本人確認値159kcal"",""nutrition"":{""calories_kcal"":159.0,""protein_g"":null,""fat_g"":null,""carbs_g"":null,""basis"":""total""},""resolved_nutrition"":{""calories_kcal"":159.0,""protein_g"":null,""fat_g"":null,""carbs_g"":null,""basis"":""total""},""calorie_source"":""explicit"",""needs_review"":false}],""totals"":{""calories_kcal"":991.0,""protein_g"":35.4,""fat_g"":42.5,""carbs_g"":79.6}},""dinner"":{""items"":[{""name"":""すだちそば 並"",""quantity"":1.0,""quantity_text"":null,""unit"":""杯"",""notes"":""店舗・商品栄養値不明のため概算"",""nutrition"":{""calories_kcal"":400.0,""protein_g"":null,""fat_g"":null,""carbs_g"":null,""basis"":""total""},""resolved_nutrition"":{""calories_kcal"":400.0,""protein_g"":null,""fat_g"":null,""carbs_g"":null,""basis"":""total""},""calorie_source"":""explicit"",""needs_review"":false},{""name"":""天ぷら"",""quantity"":5.0,""quantity_text"":null,""unit"":""個"",""notes"":""種類・サイズ不明のため5個合計を概算"",""nutrition"":{""calories_kcal"":400.0,""protein_g"":null,""fat_g"":null,""carbs_g"":null,""basis"":""total""},""resolved_nutrition"":{""calories_kcal"":400.0,""protein_g"":null,""fat_g"":null,""carbs_g"":null,""basis"":""total""},""calorie_source"":""explicit"",""needs_review"":false},{""name"":""玉子焼き"",""quantity"":2.0,""quantity_text"":null,""unit"":""切れ"",""notes"":""サイズ不明のため概算"",""nutrition"":{""calories_kcal"":100.0,""protein_g"":null,""fat_g"":null,""carbs_g"":null,""basis"":""total""},""resolved_nutrition"":{""calories_kcal"":100.0,""protein_g"":null,""fat_g"":null,""carbs_g"":null,""basis"":""total""},""calorie_source"":""explicit"",""needs_review"":false}],""totals"":{""calories_kcal"":900.0,""protein_g"":null,""fat_g"":null,""carbs_g"":null}},""snacks"":{""items"":[],""totals"":{""calories_kcal"":null,""protein_g"":null,""fat_g"":null,""carbs_g"":null}},""drinks"":{""items"":[{""name"":""ビール"",""quantity"":1.0,""quantity_text"":null,""unit"":""杯"",""notes"":""一般的な1杯として概算"",""nutrition"":{""calories_kcal"":150.0,""protein_g"":null,""fat_g"":null,""carbs_g"":null,""basis"":""total""},""resolved_nutrition"":{""calories_kcal"":150.0,""protein_g"":null,""fat_g"":null,""carbs_g"":null,""basis"":""total""},""calorie_source"":""explicit"",""needs_review"":false},{""name"":""日本酒"",""quantity"":1.0,""quantity_text"":null,""unit"":""グラス"",""notes"":""グラス1杯として概算"",""nutrition"":{""calories_kcal"":100.0,""protein_g"":null,""fat_g"":null,""carbs_g"":null,""basis"":""total""},""resolved_nutrition"":{""calories_kcal"":100.0,""protein_g"":null,""fat_g"":null,""carbs_g"":null,""basis"":""total""},""calorie_source"":""explicit"",""needs_review"":false}],""totals"":{""calories_kcal"":250.0,""protein_g"":null,""fat_g"":null,""carbs_g"":null}}}","{""performed"":true,""program_name"":""Day3 Hybrid"",""workout_type"":""Hybrid"",""duration_minutes"":70,""notes"":""8/8 Day2に続く2日連続トレーニング"",""exercises"":[{""exercise_order"":1,""name"":""ベンチプレス"",""equipment"":null,""notes"":null,""sets"":[{""weight_kg"":20.0,""reps"":15,""rpe"":null,""completed"":true,""set_type"":""warmup"",""set_order"":1},{""weight_kg"":60.0,""reps"":8,""rpe"":null,""completed"":true,""set_type"":""warmup"",""set_order"":2},{""weight_kg"":70.0,""reps"":3,""rpe"":null,""completed"":true,""set_type"":""warmup"",""set_order"":3},{""weight_kg"":76.5,""reps"":8,""rpe"":null,""completed"":true,""set_type"":""working"",""set_order"":4},{""weight_kg"":76.5,""reps"":8,""rpe"":null,""completed"":true,""set_type"":""working"",""set_order"":5},{""weight_kg"":76.5,""reps"":8,""rpe"":null,""completed"":true,""set_type"":""working"",""set_order"":6},{""weight_kg"":76.5,""reps"":8,""rpe"":null,""completed"":true,""set_type"":""working"",""set_order"":7}]},{""exercise_order"":2,""name"":""RDL"",""equipment"":null,""notes"":null,""sets"":[{""weight_kg"":60.0,""reps"":8,""rpe"":null,""completed"":true,""set_type"":""warmup"",""set_order"":1},{""weight_kg"":70.0,""reps"":5,""rpe"":null,""completed"":true,""set_type"":""warmup"",""set_order"":2},{""weight_kg"":85.0,""reps"":9,""rpe"":null,""completed"":true,""set_type"":""working"",""set_order"":3},{""weight_kg"":85.0,""reps"":9,""rpe"":null,""completed"":true,""set_type"":""working"",""set_order"":4},{""weight_kg"":85.0,""reps"":9,""rpe"":null,""completed"":true,""set_type"":""working"",""set_order"":5},{""weight_kg"":85.0,""reps"":9,""rpe"":null,""completed"":true,""set_type"":""working"",""set_order"":6}]},{""exercise_order"":3,""name"":""懸垂"",""equipment"":""自重"",""notes"":null,""sets"":[{""weight_kg"":null,""reps"":8,""rpe"":null,""completed"":true,""set_type"":""working"",""set_order"":1},{""weight_kg"":null,""reps"":8,""rpe"":null,""completed"":true,""set_type"":""working"",""set_order"":2},{""weight_kg"":null,""reps"":8,""rpe"":null,""completed"":true,""set_type"":""working"",""set_order"":3}]},{""exercise_order"":4,""name"":""ブルガリアンスクワット"",""equipment"":""20kgダンベル×2"",""notes"":""各脚10回×2セット"",""sets"":[{""weight_kg"":20.0,""reps"":10,""rpe"":null,""completed"":true,""set_type"":""working"",""set_order"":1},{""weight_kg"":20.0,""reps"":10,""rpe"":null,""completed"":true,""set_type"":""working"",""set_order"":2}]},{""exercise_order"":5,""name"":""フェイスプル"",""equipment"":null,""notes"":null,""sets"":[{""weight_kg"":28.75,""reps"":15,""rpe"":null,""completed"":true,""set_type"":""working"",""set_order"":1},{""weight_kg"":28.75,""reps"":15,""rpe"":null,""completed"":true,""set_type"":""working"",""set_order"":2},{""weight_kg"":28.75,""reps"":15,""rpe"":null,""completed"":true,""set_type"":""working"",""set_order"":3}]},{""exercise_order"":6,""name"":""レッグレイズ"",""equipment"":""自重"",""notes"":null,""sets"":[{""weight_kg"":null,""reps"":10,""rpe"":null,""completed"":true,""set_type"":""working"",""set_order"":1},{""weight_kg"":null,""reps"":20,""rpe"":null,""completed"":true,""set_type"":""working"",""set_order"":2},{""weight_kg"":null,""reps"":20,""rpe"":null,""completed"":true,""set_type"":""working"",""set_order"":3}]}]}",imp_20260809_0460253b36339e22,1.0
2026-08-10,NORMAL,彼女とローストビーフの店 鎌倉山で夕食,82.9,8614,B,5.5,伊藤園 理想のトマト、マクドナルド メガマフィン、マクドナルド ハッシュポテト,セブンイレブン 辛子明太子おにぎり、SAVAS バナナ味,ローストビーフの店 鎌倉山 コース料理,,ビール、ワイン,1465.0,なし,なし,7.0,あり,ビール2杯、ワイン2杯,moderate,0,"朝食は理想のトマト、メガマフィン、ハッシュポテト。
昼食は夜の外食を見据えて軽めに調整。
昼食はセブンイレブンの辛子明太子おにぎりとSAVASバナナ味。
夜は彼女とローストビーフの店 鎌倉山でコース料理を楽しんだ。
夕食および昼食の一部は栄養表示未確認のため、無理にカロリーを推定せずunknownとして保存。
歩数8,614歩。",925.0,340.0,,,200.0,0.0,medium,58,0.0,auto,12,15,3,8,0,5,7,8,34.7,59.5,62.8,2.0,0.0,0.0,0.0,0.0,"{""breakfast"":{""items"":[{""name"":""伊藤園 理想のトマト"",""quantity"":200.0,""quantity_text"":null,""unit"":""ml"",""notes"":null,""nutrition"":{""calories_kcal"":75.0,""protein_g"":3.3,""fat_g"":0.0,""carbs_g"":16.8,""basis"":""total""},""resolved_nutrition"":{""calories_kcal"":75.0,""protein_g"":3.3,""fat_g"":0.0,""carbs_g"":16.8,""basis"":""total""},""calorie_source"":""explicit"",""needs_review"":false},{""name"":""マクドナルド メガマフィン"",""quantity"":1.0,""quantity_text"":null,""unit"":""個"",""notes"":null,""nutrition"":{""calories_kcal"":693.0,""protein_g"":30.0,""fat_g"":49.3,""carbs_g"":31.2,""basis"":""total""},""resolved_nutrition"":{""calories_kcal"":693.0,""protein_g"":30.0,""fat_g"":49.3,""carbs_g"":31.2,""basis"":""total""},""calorie_source"":""explicit"",""needs_review"":false},{""name"":""マクドナルド ハッシュポテト"",""quantity"":1.0,""quantity_text"":null,""unit"":""個"",""notes"":null,""nutrition"":{""calories_kcal"":157.0,""protein_g"":1.4,""fat_g"":10.2,""carbs_g"":14.8,""basis"":""total""},""resolved_nutrition"":{""calories_kcal"":157.0,""protein_g"":1.4,""fat_g"":10.2,""carbs_g"":14.8,""basis"":""total""},""calorie_source"":""explicit"",""needs_review"":false}],""totals"":{""calories_kcal"":925.0,""protein_g"":34.7,""fat_g"":59.5,""carbs_g"":62.8}},""lunch"":{""items"":[{""name"":""セブンイレブン 辛子明太子おにぎり"",""quantity"":1.0,""quantity_text"":null,""unit"":""個"",""notes"":""栄養表示未確認"",""nutrition"":{""calories_kcal"":null,""protein_g"":null,""fat_g"":null,""carbs_g"":null,""basis"":""unknown""},""resolved_nutrition"":{""calories_kcal"":190.0,""protein_g"":null,""fat_g"":null,""carbs_g"":null,""sugar_g"":null,""fiber_g"":null,""salt_g"":null},""calorie_source"":""generic"",""needs_review"":false},{""name"":""SAVAS バナナ味"",""quantity"":1.0,""quantity_text"":null,""unit"":""本"",""notes"":""商品容量・栄養表示未確認"",""nutrition"":{""calories_kcal"":null,""protein_g"":null,""fat_g"":null,""carbs_g"":null,""basis"":""unknown""},""resolved_nutrition"":{""calories_kcal"":150.0,""protein_g"":null,""fat_g"":null,""carbs_g"":null,""sugar_g"":null,""fiber_g"":null,""salt_g"":null},""calorie_source"":""generic"",""needs_review"":false}],""totals"":{""calories_kcal"":340.0,""protein_g"":null,""fat_g"":null,""carbs_g"":null}},""dinner"":{""items"":[{""name"":""ローストビーフの店 鎌倉山 コース料理"",""quantity"":1.0,""quantity_text"":null,""unit"":""コース"",""notes"":""彼女とコース料理を摂取。ローストビーフを含む。料理ごとの量・栄養表示不明のためカロリーは推定せず。"",""nutrition"":{""calories_kcal"":null,""protein_g"":null,""fat_g"":null,""carbs_g"":null,""basis"":""unknown""},""resolved_nutrition"":null,""calorie_source"":null,""needs_review"":true}],""totals"":{""calories_kcal"":null,""protein_g"":null,""fat_g"":null,""carbs_g"":null}},""snacks"":{""items"":[],""totals"":{""calories_kcal"":null,""protein_g"":null,""fat_g"":null,""carbs_g"":null}},""drinks"":{""items"":[{""name"":""ビール"",""quantity"":2.0,""quantity_text"":null,""unit"":""杯"",""notes"":""鎌倉山で摂取"",""nutrition"":{""calories_kcal"":null,""protein_g"":null,""fat_g"":null,""carbs_g"":null,""basis"":""unknown""},""resolved_nutrition"":{""calories_kcal"":200.0,""protein_g"":null,""fat_g"":null,""carbs_g"":null,""sugar_g"":null,""fiber_g"":null,""salt_g"":null},""calorie_source"":""generic"",""needs_review"":false},{""name"":""ワイン"",""quantity"":2.0,""quantity_text"":null,""unit"":""杯"",""notes"":""鎌倉山で摂取"",""nutrition"":{""calories_kcal"":null,""protein_g"":null,""fat_g"":null,""carbs_g"":null,""basis"":""unknown""},""resolved_nutrition"":null,""calorie_source"":null,""needs_review"":true}],""totals"":{""calories_kcal"":200.0,""protein_g"":null,""fat_g"":null,""carbs_g"":null}}}","{""performed"":false,""program_name"":null,""workout_type"":null,""duration_minutes"":0,""notes"":null,""exercises"":[]}",imp_20260810_83e7ca76af908469,1.0
2026-08-11,NORMAL,ホテル宿泊翌日・疲労によりジム延期,83.4,9442,B,5.0,ホテル朝食ブッフェ,,牛肩ロース赤身、白米、生卵、納豆、めかぶ,,,862.0,なし,なし,6.0,なし,,なし,0,"睡眠5時間、体調6。寝不足と疲労感あり。
朝食はホテルブッフェでかなり満腹になるまで摂取。
17:59時点でも朝食による満腹感が残っていた。
夜は牛肩ロース赤身180g、白米400g、生卵、納豆、めかぶを摂取。
疲労のため予定していたジムを断念し、8/12へ延期。
歩数9,442歩。",,,862.0,,,0.0,medium,59,0.0,auto,12,6,12,8,0,5,6,10,,,,2.0,0.0,0.0,0.0,0.0,"{""breakfast"":{""items"":[{""name"":""ホテル朝食ブッフェ"",""quantity"":1.0,""quantity_text"":null,""unit"":""食"",""notes"":""かなり満腹になるまで摂取。料理内容・摂取量を正確に計測できないため栄養値は記録せず。"",""nutrition"":{""calories_kcal"":null,""protein_g"":null,""fat_g"":null,""carbs_g"":null,""basis"":""unknown""},""resolved_nutrition"":null,""calorie_source"":null,""needs_review"":true}],""totals"":{""calories_kcal"":null,""protein_g"":null,""fat_g"":null,""carbs_g"":null}},""lunch"":{""items"":[],""totals"":{""calories_kcal"":null,""protein_g"":null,""fat_g"":null,""carbs_g"":null}},""dinner"":{""items"":[{""name"":""牛肩ロース赤身"",""quantity"":180.0,""quantity_text"":null,""unit"":""g"",""notes"":""赤身中心。脂身量・調理後重量等が不明のため栄養値は推定せず。"",""nutrition"":{""calories_kcal"":null,""protein_g"":null,""fat_g"":null,""carbs_g"":null,""basis"":""unknown""},""resolved_nutrition"":null,""calorie_source"":null,""needs_review"":true},{""name"":""白米"",""quantity"":400.0,""quantity_text"":null,""unit"":""g"",""notes"":""標準的な炊飯後白米としてカロリーを概算。"",""nutrition"":{""calories_kcal"":672.0,""protein_g"":null,""fat_g"":null,""carbs_g"":null,""basis"":""total""},""resolved_nutrition"":{""calories_kcal"":672.0,""protein_g"":null,""fat_g"":null,""carbs_g"":null,""basis"":""total""},""calorie_source"":""explicit"",""needs_review"":false},{""name"":""生卵"",""quantity"":1.0,""quantity_text"":null,""unit"":""個"",""notes"":""サイズ不明のため栄養値は未確定。"",""nutrition"":{""calories_kcal"":null,""protein_g"":null,""fat_g"":null,""carbs_g"":null,""basis"":""unknown""},""resolved_nutrition"":{""calories_kcal"":80.0,""protein_g"":null,""fat_g"":null,""carbs_g"":null,""sugar_g"":null,""fiber_g"":null,""salt_g"":null},""calorie_source"":""generic"",""needs_review"":false},{""name"":""納豆"",""quantity"":1.0,""quantity_text"":null,""unit"":""パック"",""notes"":""商品・容量不明のため栄養値は未確定。"",""nutrition"":{""calories_kcal"":null,""protein_g"":null,""fat_g"":null,""carbs_g"":null,""basis"":""unknown""},""resolved_nutrition"":{""calories_kcal"":90.0,""protein_g"":null,""fat_g"":null,""carbs_g"":null,""sugar_g"":null,""fiber_g"":null,""salt_g"":null},""calorie_source"":""generic"",""needs_review"":false},{""name"":""めかぶ"",""quantity"":1.0,""quantity_text"":null,""unit"":""パック"",""notes"":""商品・容量不明のため栄養値は未確定。"",""nutrition"":{""calories_kcal"":null,""protein_g"":null,""fat_g"":null,""carbs_g"":null,""basis"":""unknown""},""resolved_nutrition"":{""calories_kcal"":20.0,""protein_g"":null,""fat_g"":null,""carbs_g"":null,""sugar_g"":null,""fiber_g"":null,""salt_g"":null},""calorie_source"":""generic"",""needs_review"":false}],""totals"":{""calories_kcal"":862.0,""protein_g"":null,""fat_g"":null,""carbs_g"":null}},""snacks"":{""items"":[],""totals"":{""calories_kcal"":null,""protein_g"":null,""fat_g"":null,""carbs_g"":null}},""drinks"":{""items"":[],""totals"":{""calories_kcal"":null,""protein_g"":null,""fat_g"":null,""carbs_g"":null}}}","{""performed"":false,""program_name"":null,""workout_type"":null,""duration_minutes"":0,""notes"":""ジム予定だったが疲労のため8/12へ延期。"",""exercises"":[]}",imp_20260811_76bc46f0677b0c72,1.0
2026-08-12,NORMAL,,83.4,6529,C,6.5,伊藤園 理想のトマト,温羅 胡麻ダレ豚しゃぶぶっかけうどん、とり天、SAVAS BIO ヨーグルト味,松屋 カルビ焼肉定食、松屋 生卵、豆腐入り味噌汁,OIKOS PRO リッチバニラ味、みたらし団子,,2228.0,あり,Day1 Strength / ベンチプレス 20kg×15 / 60kg×8 / 80kg×3 / 90kg×1 / 95kg×5 / 95kg×5 / 95kg×5 / 95kg×5 / 懸垂 10回 / 10回 / 10回 / 10回 / スクワット 60kg×8 / 80kg×5 / 95kg×2 / 105kg×7 / 105kg×7 / 105kg×7 / 105kg×7 / ダンベルロー 32kg×10 / 40kg×12 / 40kg×12 / 40kg×12 / プレスダウン 26.25kg×12 / 26.25kg×15 / 26.25kg×15 / 腹筋 20回 / 20回 / 20回,8.0,なし,,なし,0,"睡眠6.5時間、体調8。
信濃町オフィスへ出社。
昼食は温羅で胡麻ダレ豚しゃぶぶっかけうどん、とり天、SAVAS BIOヨーグルト味。
SAVAS BIOヨーグルト味は過去に確認済みの200ml・102kcal・P15.0gの確定値を再利用。
トレ前にOIKOS PROリッチバニラ味とみたらし団子2本を摂取。
ベンチプレス95kg 5回×4セットを完全達成。
スクワット105kg初挑戦で7回×4セットを達成。
ダンベルロー40kg 12回×3セットを達成。
夕食は松屋のカルビ焼肉定食、生卵、豆腐入り味噌汁。
歩数6,529歩。",75.0,602.0,1169.0,382.0,,0.0,medium,89,0.0,auto,12,20,15,6,10,8,8,10,76.9,51.4,186.1,1.0,1.0,6.0,29.0,70.0,"{""breakfast"":{""items"":[{""name"":""伊藤園 理想のトマト"",""quantity"":200.0,""quantity_text"":null,""unit"":""ml"",""notes"":null,""nutrition"":{""calories_kcal"":75.0,""protein_g"":3.3,""fat_g"":0.0,""carbs_g"":16.8,""basis"":""total""},""resolved_nutrition"":{""calories_kcal"":75.0,""protein_g"":3.3,""fat_g"":0.0,""carbs_g"":16.8,""basis"":""total""},""calorie_source"":""explicit"",""needs_review"":false}],""totals"":{""calories_kcal"":75.0,""protein_g"":3.3,""fat_g"":0.0,""carbs_g"":16.8}},""lunch"":{""items"":[{""name"":""温羅 胡麻ダレ豚しゃぶぶっかけうどん"",""quantity"":1.0,""quantity_text"":null,""unit"":""食"",""notes"":""店舗栄養表示未確認のため栄養値は未確定。"",""nutrition"":{""calories_kcal"":null,""protein_g"":null,""fat_g"":null,""carbs_g"":null,""basis"":""unknown""},""resolved_nutrition"":{""calories_kcal"":500.0,""protein_g"":null,""fat_g"":null,""carbs_g"":null,""sugar_g"":null,""fiber_g"":null,""salt_g"":null},""calorie_source"":""generic"",""needs_review"":false},{""name"":""とり天"",""quantity"":1.0,""quantity_text"":null,""unit"":""個"",""notes"":""温羅で摂取。店舗栄養表示未確認。"",""nutrition"":{""calories_kcal"":null,""protein_g"":null,""fat_g"":null,""carbs_g"":null,""basis"":""unknown""},""resolved_nutrition"":null,""calorie_source"":null,""needs_review"":true},{""name"":""SAVAS BIO ヨーグルト味"",""quantity"":200.0,""quantity_text"":null,""unit"":""ml"",""notes"":null,""nutrition"":{""calories_kcal"":102.0,""protein_g"":15.0,""fat_g"":0.0,""carbs_g"":10.6,""basis"":""total""},""resolved_nutrition"":{""calories_kcal"":102.0,""protein_g"":15.0,""fat_g"":0.0,""carbs_g"":10.6,""basis"":""total""},""calorie_source"":""explicit"",""needs_review"":false}],""totals"":{""calories_kcal"":602.0,""protein_g"":15.0,""fat_g"":0.0,""carbs_g"":10.6}},""dinner"":{""items"":[{""name"":""松屋 カルビ焼肉定食"",""quantity"":1.0,""quantity_text"":null,""unit"":""食"",""notes"":null,""nutrition"":{""calories_kcal"":918.0,""protein_g"":25.0,""fat_g"":46.0,""carbs_g"":92.2,""basis"":""total""},""resolved_nutrition"":{""calories_kcal"":918.0,""protein_g"":25.0,""fat_g"":46.0,""carbs_g"":92.2,""basis"":""total""},""calorie_source"":""explicit"",""needs_review"":false},{""name"":""松屋 生卵"",""quantity"":1.0,""quantity_text"":null,""unit"":""個"",""notes"":null,""nutrition"":{""calories_kcal"":71.0,""protein_g"":5.8,""fat_g"":4.8,""carbs_g"":0.1,""basis"":""total""},""resolved_nutrition"":{""calories_kcal"":71.0,""protein_g"":5.8,""fat_g"":4.8,""carbs_g"":0.1,""basis"":""total""},""calorie_source"":""explicit"",""needs_review"":false},{""name"":""豆腐入り味噌汁"",""quantity"":1.0,""quantity_text"":null,""unit"":""杯"",""notes"":""豚汁売り切れのため変更。正確な栄養表示未確認。"",""nutrition"":{""calories_kcal"":null,""protein_g"":null,""fat_g"":null,""carbs_g"":null,""basis"":""unknown""},""resolved_nutrition"":{""calories_kcal"":180.0,""protein_g"":null,""fat_g"":null,""carbs_g"":null,""sugar_g"":null,""fiber_g"":null,""salt_g"":null},""calorie_source"":""generic"",""needs_review"":false}],""totals"":{""calories_kcal"":1169.0,""protein_g"":30.8,""fat_g"":50.8,""carbs_g"":92.3}},""snacks"":{""items"":[{""name"":""OIKOS PRO リッチバニラ味"",""quantity"":1.0,""quantity_text"":null,""unit"":""個"",""notes"":null,""nutrition"":{""calories_kcal"":138.0,""protein_g"":25.0,""fat_g"":0.0,""carbs_g"":9.4,""basis"":""total""},""resolved_nutrition"":{""calories_kcal"":138.0,""protein_g"":25.0,""fat_g"":0.0,""carbs_g"":9.4,""basis"":""total""},""calorie_source"":""explicit"",""needs_review"":false},{""name"":""みたらし団子"",""quantity"":2.0,""quantity_text"":null,""unit"":""本"",""notes"":null,""nutrition"":{""calories_kcal"":244.0,""protein_g"":2.8,""fat_g"":0.6,""carbs_g"":57.0,""basis"":""total""},""resolved_nutrition"":{""calories_kcal"":244.0,""protein_g"":2.8,""fat_g"":0.6,""carbs_g"":57.0,""basis"":""total""},""calorie_source"":""explicit"",""needs_review"":false}],""totals"":{""calories_kcal"":382.0,""protein_g"":27.8,""fat_g"":0.6,""carbs_g"":66.4}},""drinks"":{""items"":[],""totals"":{""calories_kcal"":null,""protein_g"":null,""fat_g"":null,""carbs_g"":null}}}","{""performed"":true,""program_name"":""Day1 Strength"",""workout_type"":""Strength"",""duration_minutes"":70,""notes"":""テーマ：95kgベンチ攻略＋スクワット105kg初挑戦。"",""exercises"":[{""exercise_order"":1,""name"":""ベンチプレス"",""equipment"":null,""notes"":null,""sets"":[{""weight_kg"":20.0,""reps"":15,""rpe"":null,""completed"":true,""set_type"":""warmup"",""set_order"":1},{""weight_kg"":60.0,""reps"":8,""rpe"":null,""completed"":true,""set_type"":""warmup"",""set_order"":2},{""weight_kg"":80.0,""reps"":3,""rpe"":null,""completed"":true,""set_type"":""warmup"",""set_order"":3},{""weight_kg"":90.0,""reps"":1,""rpe"":null,""completed"":true,""set_type"":""warmup"",""set_order"":4},{""weight_kg"":95.0,""reps"":5,""rpe"":null,""completed"":true,""set_type"":""working"",""set_order"":5},{""weight_kg"":95.0,""reps"":5,""rpe"":null,""completed"":true,""set_type"":""working"",""set_order"":6},{""weight_kg"":95.0,""reps"":5,""rpe"":null,""completed"":true,""set_type"":""working"",""set_order"":7},{""weight_kg"":95.0,""reps"":5,""rpe"":null,""completed"":true,""set_type"":""working"",""set_order"":8}]},{""exercise_order"":2,""name"":""懸垂"",""equipment"":""自重"",""notes"":null,""sets"":[{""weight_kg"":null,""reps"":10,""rpe"":null,""completed"":true,""set_type"":""working"",""set_order"":1},{""weight_kg"":null,""reps"":10,""rpe"":null,""completed"":true,""set_type"":""working"",""set_order"":2},{""weight_kg"":null,""reps"":10,""rpe"":null,""completed"":true,""set_type"":""working"",""set_order"":3},{""weight_kg"":null,""reps"":10,""rpe"":null,""completed"":true,""set_type"":""working"",""set_order"":4}]},{""exercise_order"":3,""name"":""スクワット"",""equipment"":null,""notes"":null,""sets"":[{""weight_kg"":60.0,""reps"":8,""rpe"":null,""completed"":true,""set_type"":""warmup"",""set_order"":1},{""weight_kg"":80.0,""reps"":5,""rpe"":null,""completed"":true,""set_type"":""warmup"",""set_order"":2},{""weight_kg"":95.0,""reps"":2,""rpe"":null,""completed"":true,""set_type"":""warmup"",""set_order"":3},{""weight_kg"":105.0,""reps"":7,""rpe"":null,""completed"":true,""set_type"":""working"",""set_order"":4},{""weight_kg"":105.0,""reps"":7,""rpe"":null,""completed"":true,""set_type"":""working"",""set_order"":5},{""weight_kg"":105.0,""reps"":7,""rpe"":null,""completed"":true,""set_type"":""working"",""set_order"":6},{""weight_kg"":105.0,""reps"":7,""rpe"":null,""completed"":true,""set_type"":""working"",""set_order"":7}]},{""exercise_order"":4,""name"":""ダンベルロー"",""equipment"":null,""notes"":null,""sets"":[{""weight_kg"":32.0,""reps"":10,""rpe"":null,""completed"":true,""set_type"":""warmup"",""set_order"":1},{""weight_kg"":40.0,""reps"":12,""rpe"":null,""completed"":true,""set_type"":""working"",""set_order"":2},{""weight_kg"":40.0,""reps"":12,""rpe"":null,""completed"":true,""set_type"":""working"",""set_order"":3},{""weight_kg"":40.0,""reps"":12,""rpe"":null,""completed"":true,""set_type"":""working"",""set_order"":4}]},{""exercise_order"":5,""name"":""プレスダウン"",""equipment"":null,""notes"":null,""sets"":[{""weight_kg"":26.25,""reps"":12,""rpe"":null,""completed"":true,""set_type"":""working"",""set_order"":1},{""weight_kg"":26.25,""reps"":15,""rpe"":null,""completed"":true,""set_type"":""working"",""set_order"":2},{""weight_kg"":26.25,""reps"":15,""rpe"":null,""completed"":true,""set_type"":""working"",""set_order"":3}]},{""exercise_order"":6,""name"":""腹筋"",""equipment"":""自重"",""notes"":null,""sets"":[{""weight_kg"":null,""reps"":20,""rpe"":null,""completed"":true,""set_type"":""working"",""set_order"":1},{""weight_kg"":null,""reps"":20,""rpe"":null,""completed"":true,""set_type"":""working"",""set_order"":2},{""weight_kg"":null,""reps"":20,""rpe"":null,""completed"":true,""set_type"":""working"",""set_order"":3}]}]}",imp_20260812_baff3637b29226a6,1.0
2026-08-13,NORMAL,,83.0,6524,C,6.5,伊藤園 理想のトマト、みたらし団子,冷し鶏天おろしうどん、味付ゆでたまご、SAVAS BIO、ファミチキ,ツナたまごコーンのサラダ、サラダ用ドレッシング、味付ゆで玉子、こく旨キムチ鍋、白米、納豆,モンスターエナジー、ローソン 炙り熟成紅鮭 おにぎり、チップスター 濃い旨サワークリームオニオン,,2529.2,あり,背中＋脚＋体幹 / ラットプルダウン 70kg×10 / 70kg×10 / 70kg×10 / 70kg×10 / レッグプレス 203kg×10 / 273kg×12 / 273kg×12 / 273kg×12 / RDL 60kg×8 / 70kg×5 / 85kg×8 / 85kg×8 / 85kg×8 / EZバーカール 30kg×12 / 30kg×12 / 30kg×12 / レッグレイズ 0kg×20 / 0kg×20 / 0kg×20,7.0,なし,,none,0,筋トレ疲労ありで体調7。前日のStrength Dayに続く連続トレーニング。右大胸筋〜腕の付け根の違和感を考慮し、胸を使う種目を避けて背中・脚・腕・体幹を実施。歩数6524歩とは別に、ジムのウォームアップとしてトレッドミル10分・時速5km・傾斜ありを実施。,197.0,846.7,903.0,582.5,,0.0,high,83,0.0,auto,12,15,15,6,10,8,7,10,112.8,76.6,350.2,0.0,1.0,5.0,19.0,75.0,"{""breakfast"":{""items"":[{""name"":""伊藤園 理想のトマト"",""quantity"":200.0,""quantity_text"":null,""unit"":""ml"",""notes"":""過去に確認済みの栄養値を再利用"",""nutrition"":{""calories_kcal"":75.0,""protein_g"":3.3,""fat_g"":0.0,""carbs_g"":16.8,""basis"":""total""},""resolved_nutrition"":{""calories_kcal"":75.0,""protein_g"":3.3,""fat_g"":0.0,""carbs_g"":16.8,""basis"":""total""},""calorie_source"":""explicit"",""needs_review"":false},{""name"":""みたらし団子"",""quantity"":1.0,""quantity_text"":null,""unit"":""本"",""notes"":""過去に確認済みの栄養値を再利用"",""nutrition"":{""calories_kcal"":122.0,""protein_g"":1.4,""fat_g"":0.3,""carbs_g"":28.5,""basis"":""total""},""resolved_nutrition"":{""calories_kcal"":122.0,""protein_g"":1.4,""fat_g"":0.3,""carbs_g"":28.5,""basis"":""total""},""calorie_source"":""explicit"",""needs_review"":false}],""totals"":{""calories_kcal"":197.0,""protein_g"":4.7,""fat_g"":0.3,""carbs_g"":45.3}},""lunch"":{""items"":[{""name"":""冷し鶏天おろしうどん"",""quantity"":1.0,""quantity_text"":null,""unit"":""食"",""notes"":""商品ラベル確認値"",""nutrition"":{""calories_kcal"":408.0,""protein_g"":19.6,""fat_g"":5.5,""carbs_g"":70.9,""basis"":""total""},""resolved_nutrition"":{""calories_kcal"":408.0,""protein_g"":19.6,""fat_g"":5.5,""carbs_g"":70.9,""basis"":""total""},""calorie_source"":""explicit"",""needs_review"":false},{""name"":""味付ゆでたまご"",""quantity"":1.0,""quantity_text"":null,""unit"":""個"",""notes"":""商品ラベル確認値"",""nutrition"":{""calories_kcal"":69.0,""protein_g"":6.2,""fat_g"":4.7,""carbs_g"":0.6,""basis"":""total""},""resolved_nutrition"":{""calories_kcal"":69.0,""protein_g"":6.2,""fat_g"":4.7,""carbs_g"":0.6,""basis"":""total""},""calorie_source"":""explicit"",""needs_review"":false},{""name"":""SAVAS BIO"",""quantity"":300.0,""quantity_text"":null,""unit"":""ml"",""notes"":""商品ラベル確認値"",""nutrition"":{""calories_kcal"":118.0,""protein_g"":15.0,""fat_g"":1.0,""carbs_g"":11.1,""basis"":""total""},""resolved_nutrition"":{""calories_kcal"":118.0,""protein_g"":15.0,""fat_g"":1.0,""carbs_g"":11.1,""basis"":""total""},""calorie_source"":""explicit"",""needs_review"":false},{""name"":""ファミチキ"",""quantity"":1.0,""quantity_text"":null,""unit"":""個"",""notes"":""ファミリーマート公式栄養成分"",""nutrition"":{""calories_kcal"":251.7,""protein_g"":12.7,""fat_g"":15.7,""carbs_g"":14.8,""basis"":""total""},""resolved_nutrition"":{""calories_kcal"":251.7,""protein_g"":12.7,""fat_g"":15.7,""carbs_g"":14.8,""basis"":""total""},""calorie_source"":""explicit"",""needs_review"":false}],""totals"":{""calories_kcal"":846.7,""protein_g"":53.5,""fat_g"":26.9,""carbs_g"":97.4}},""dinner"":{""items"":[{""name"":""ツナたまごコーンのサラダ"",""quantity"":1.0,""quantity_text"":null,""unit"":""食"",""notes"":""商品ラベル確認値"",""nutrition"":{""calories_kcal"":60.0,""protein_g"":5.2,""fat_g"":2.3,""carbs_g"":5.5,""basis"":""total""},""resolved_nutrition"":{""calories_kcal"":60.0,""protein_g"":5.2,""fat_g"":2.3,""carbs_g"":5.5,""basis"":""total""},""calorie_source"":""explicit"",""needs_review"":false},{""name"":""サラダ用ドレッシング"",""quantity"":25.0,""quantity_text"":null,""unit"":""ml"",""notes"":""1袋使用として記録。商品ラベル確認値"",""nutrition"":{""calories_kcal"":105.0,""protein_g"":0.7,""fat_g"":10.7,""carbs_g"":1.7,""basis"":""total""},""resolved_nutrition"":{""calories_kcal"":105.0,""protein_g"":0.7,""fat_g"":10.7,""carbs_g"":1.7,""basis"":""total""},""calorie_source"":""explicit"",""needs_review"":false},{""name"":""味付ゆで玉子"",""quantity"":1.0,""quantity_text"":null,""unit"":""個"",""notes"":""商品ラベル確認値"",""nutrition"":{""calories_kcal"":65.0,""protein_g"":5.9,""fat_g"":4.4,""carbs_g"":0.6,""basis"":""total""},""resolved_nutrition"":{""calories_kcal"":65.0,""protein_g"":5.9,""fat_g"":4.4,""carbs_g"":0.6,""basis"":""total""},""calorie_source"":""explicit"",""needs_review"":false},{""name"":""こく旨キムチ鍋"",""quantity"":1.0,""quantity_text"":null,""unit"":""食"",""notes"":""商品ラベル確認値"",""nutrition"":{""calories_kcal"":247.0,""protein_g"":22.3,""fat_g"":12.6,""carbs_g"":13.7,""basis"":""total""},""resolved_nutrition"":{""calories_kcal"":247.0,""protein_g"":22.3,""fat_g"":12.6,""carbs_g"":13.7,""basis"":""total""},""calorie_source"":""explicit"",""needs_review"":false},{""name"":""白米"",""quantity"":200.0,""quantity_text"":null,""unit"":""g"",""notes"":""一般的な炊飯後白米として推定"",""nutrition"":{""calories_kcal"":336.0,""protein_g"":5.0,""fat_g"":0.6,""carbs_g"":74.2,""basis"":""total""},""resolved_nutrition"":{""calories_kcal"":336.0,""protein_g"":5.0,""fat_g"":0.6,""carbs_g"":74.2,""basis"":""total""},""calorie_source"":""explicit"",""needs_review"":false},{""name"":""納豆"",""quantity"":1.0,""quantity_text"":null,""unit"":""パック"",""notes"":""一般的な1パックとして推定"",""nutrition"":{""calories_kcal"":90.0,""protein_g"":7.4,""fat_g"":4.5,""carbs_g"":5.4,""basis"":""total""},""resolved_nutrition"":{""calories_kcal"":90.0,""protein_g"":7.4,""fat_g"":4.5,""carbs_g"":5.4,""basis"":""total""},""calorie_source"":""explicit"",""needs_review"":false}],""totals"":{""calories_kcal"":903.0,""protein_g"":46.5,""fat_g"":35.1,""carbs_g"":101.1}},""snacks"":{""items"":[{""name"":""モンスターエナジー"",""quantity"":355.0,""quantity_text"":null,""unit"":""ml"",""notes"":""19時頃。過去に確認した通常355ml製品と同一として推定"",""nutrition"":{""calories_kcal"":177.5,""protein_g"":0.0,""fat_g"":0.0,""carbs_g"":44.7,""basis"":""total""},""resolved_nutrition"":{""calories_kcal"":177.5,""protein_g"":0.0,""fat_g"":0.0,""carbs_g"":44.7,""basis"":""total""},""calorie_source"":""explicit"",""needs_review"":false},{""name"":""ローソン 炙り熟成紅鮭 おにぎり"",""quantity"":1.0,""quantity_text"":null,""unit"":""個"",""notes"":""ジム前。商品ラベル確認値"",""nutrition"":{""calories_kcal"":174.0,""protein_g"":4.8,""fat_g"":1.9,""carbs_g"":35.1,""basis"":""total""},""resolved_nutrition"":{""calories_kcal"":174.0,""protein_g"":4.8,""fat_g"":1.9,""carbs_g"":35.1,""basis"":""total""},""calorie_source"":""explicit"",""needs_review"":false},{""name"":""チップスター 濃い旨サワークリームオニオン"",""quantity"":45.0,""quantity_text"":null,""unit"":""g"",""notes"":""ジム前。1パック。商品ラベル確認値"",""nutrition"":{""calories_kcal"":231.0,""protein_g"":3.3,""fat_g"":12.4,""carbs_g"":26.6,""basis"":""total""},""resolved_nutrition"":{""calories_kcal"":231.0,""protein_g"":3.3,""fat_g"":12.4,""carbs_g"":26.6,""basis"":""total""},""calorie_source"":""explicit"",""needs_review"":false}],""totals"":{""calories_kcal"":582.5,""protein_g"":8.1,""fat_g"":14.3,""carbs_g"":106.4}},""drinks"":{""items"":[],""totals"":{""calories_kcal"":null,""protein_g"":null,""fat_g"":null,""carbs_g"":null}}}","{""performed"":true,""program_name"":""背中＋脚＋体幹"",""workout_type"":""hypertrophy"",""duration_minutes"":75,""notes"":""21:40頃開始、22:55終了。ウォームアップとしてトレッドミルを10分、時速5km、傾斜ありで実施。右大胸筋〜腕の付け根にストレッチ時の違和感が続いているため胸種目を回避。フェイスプルは器具が空いておらず未実施。"",""exercises"":[{""exercise_order"":1,""name"":""ラットプルダウン"",""equipment"":null,""notes"":null,""sets"":[{""weight_kg"":70.0,""reps"":10,""rpe"":null,""completed"":true,""set_type"":""working"",""set_order"":1},{""weight_kg"":70.0,""reps"":10,""rpe"":null,""completed"":true,""set_type"":""working"",""set_order"":2},{""weight_kg"":70.0,""reps"":10,""rpe"":null,""completed"":true,""set_type"":""working"",""set_order"":3},{""weight_kg"":70.0,""reps"":10,""rpe"":null,""completed"":true,""set_type"":""working"",""set_order"":4}]},{""exercise_order"":2,""name"":""レッグプレス"",""equipment"":null,""notes"":null,""sets"":[{""weight_kg"":203.0,""reps"":10,""rpe"":null,""completed"":true,""set_type"":""warmup"",""set_order"":1},{""weight_kg"":273.0,""reps"":12,""rpe"":null,""completed"":true,""set_type"":""working"",""set_order"":2},{""weight_kg"":273.0,""reps"":12,""rpe"":null,""completed"":true,""set_type"":""working"",""set_order"":3},{""weight_kg"":273.0,""reps"":12,""rpe"":null,""completed"":true,""set_type"":""working"",""set_order"":4}]},{""exercise_order"":3,""name"":""RDL"",""equipment"":null,""notes"":null,""sets"":[{""weight_kg"":60.0,""reps"":8,""rpe"":null,""completed"":true,""set_type"":""warmup"",""set_order"":1},{""weight_kg"":70.0,""reps"":5,""rpe"":null,""completed"":true,""set_type"":""warmup"",""set_order"":2},{""weight_kg"":85.0,""reps"":8,""rpe"":null,""completed"":true,""set_type"":""working"",""set_order"":3},{""weight_kg"":85.0,""reps"":8,""rpe"":null,""completed"":true,""set_type"":""working"",""set_order"":4},{""weight_kg"":85.0,""reps"":8,""rpe"":null,""completed"":true,""set_type"":""working"",""set_order"":5}]},{""exercise_order"":4,""name"":""EZバーカール"",""equipment"":null,""notes"":null,""sets"":[{""weight_kg"":30.0,""reps"":12,""rpe"":null,""completed"":true,""set_type"":""working"",""set_order"":1},{""weight_kg"":30.0,""reps"":12,""rpe"":null,""completed"":true,""set_type"":""working"",""set_order"":2},{""weight_kg"":30.0,""reps"":12,""rpe"":null,""completed"":true,""set_type"":""working"",""set_order"":3}]},{""exercise_order"":5,""name"":""レッグレイズ"",""equipment"":null,""notes"":null,""sets"":[{""weight_kg"":0.0,""reps"":20,""rpe"":null,""completed"":true,""set_type"":""working"",""set_order"":1},{""weight_kg"":0.0,""reps"":20,""rpe"":null,""completed"":true,""set_type"":""working"",""set_order"":2},{""weight_kg"":0.0,""reps"":20,""rpe"":null,""completed"":true,""set_type"":""working"",""set_order"":3}]}]}",imp_20260813_a30fabd8dc7ea422,1.0
2026-08-14,NORMAL,恵比寿オフィス勤務（21:00〜24:00）,83.5,4354,D,6.5,伊藤園 理想のトマト,国産ごぼうを使った冷しごぼう天そば、岩塩で食べる蒸し鶏オクラ、サラダチキン ロースト 黒胡椒、OIKOS PRO プロテインドリンク バナナ味,国産鶏のサラダチキン スモーク、オクラとめかぶのネバネバとろーり豆腐、ネバネバとろーり豆腐 付属ドレッシング、シーチキン＆たまごのサラダ、白米、納豆、クノール カップスープ 野菜をとりこむポタージュ,SAVAS MILK PROTEIN 脂肪0 バニラ味、ヤマザキ 串だんご つぶあん、ヤマザキ 串だんご つぶあん,CRAFT BOSS カフェラテ、レッドブル エナジードリンク、GEORGIA 恵比寿ブラック 猿田彦珈琲,2221.0,なし,なし,7.0,なし,,,0,"睡眠6.5時間
体重83.5kg
体調7/10
歩数4,354歩
信濃町オフィス勤務後、恵比寿オフィス勤務（21:00〜24:00）
ジムは休養日",70.0,640.0,470.0,150.0,150.0,0.0,low,75,0.0,auto,12,20,15,3,0,8,7,10,128.19,40.3,338.1,9.0,0.0,0.0,0.0,0.0,"{""breakfast"":{""items"":[{""name"":""伊藤園 理想のトマト"",""quantity"":200.0,""quantity_text"":null,""unit"":""ml"",""notes"":null,""nutrition"":{""calories_kcal"":75.0,""protein_g"":3.3,""fat_g"":0.0,""carbs_g"":16.8,""basis"":""unknown""},""resolved_nutrition"":{""calories_kcal"":70.0,""protein_g"":null,""fat_g"":null,""carbs_g"":null,""sugar_g"":null,""fiber_g"":null,""salt_g"":null},""calorie_source"":""generic"",""needs_review"":false}],""totals"":{""calories_kcal"":70.0,""protein_g"":null,""fat_g"":null,""carbs_g"":null}},""lunch"":{""items"":[{""name"":""国産ごぼうを使った冷しごぼう天そば"",""quantity"":null,""quantity_text"":null,""unit"":null,""notes"":null,""nutrition"":{""calories_kcal"":278.0,""protein_g"":10.3,""fat_g"":2.9,""carbs_g"":54.0,""basis"":""unknown""},""resolved_nutrition"":{""calories_kcal"":420.0,""protein_g"":null,""fat_g"":null,""carbs_g"":null,""sugar_g"":null,""fiber_g"":null,""salt_g"":null},""calorie_source"":""generic"",""needs_review"":false},{""name"":""岩塩で食べる蒸し鶏オクラ"",""quantity"":null,""quantity_text"":null,""unit"":null,""notes"":null,""nutrition"":{""calories_kcal"":125.0,""protein_g"":7.5,""fat_g"":8.0,""carbs_g"":7.6,""basis"":""unknown""},""resolved_nutrition"":null,""calorie_source"":null,""needs_review"":true},{""name"":""サラダチキン ロースト 黒胡椒"",""quantity"":null,""quantity_text"":null,""unit"":null,""notes"":null,""nutrition"":{""calories_kcal"":87.0,""protein_g"":15.0,""fat_g"":1.7,""carbs_g"":2.8,""basis"":""unknown""},""resolved_nutrition"":{""calories_kcal"":120.0,""protein_g"":null,""fat_g"":null,""carbs_g"":null,""sugar_g"":null,""fiber_g"":null,""salt_g"":null},""calorie_source"":""generic"",""needs_review"":false},{""name"":""OIKOS PRO プロテインドリンク バナナ味"",""quantity"":240.0,""quantity_text"":null,""unit"":""ml"",""notes"":null,""nutrition"":{""calories_kcal"":125.0,""protein_g"":18.0,""fat_g"":0.0,""carbs_g"":13.2,""basis"":""unknown""},""resolved_nutrition"":{""calories_kcal"":100.0,""protein_g"":null,""fat_g"":null,""carbs_g"":null,""sugar_g"":null,""fiber_g"":null,""salt_g"":null},""calorie_source"":""generic"",""needs_review"":false}],""totals"":{""calories_kcal"":640.0,""protein_g"":null,""fat_g"":null,""carbs_g"":null}},""dinner"":{""items"":[{""name"":""国産鶏のサラダチキン スモーク"",""quantity"":100.0,""quantity_text"":null,""unit"":""g"",""notes"":null,""nutrition"":{""calories_kcal"":112.0,""protein_g"":22.3,""fat_g"":2.4,""carbs_g"":0.5,""basis"":""unknown""},""resolved_nutrition"":{""calories_kcal"":120.0,""protein_g"":null,""fat_g"":null,""carbs_g"":null,""sugar_g"":null,""fiber_g"":null,""salt_g"":null},""calorie_source"":""generic"",""needs_review"":false},{""name"":""オクラとめかぶのネバネバとろーり豆腐"",""quantity"":null,""quantity_text"":null,""unit"":null,""notes"":null,""nutrition"":{""calories_kcal"":79.0,""protein_g"":8.0,""fat_g"":3.4,""carbs_g"":4.7,""basis"":""unknown""},""resolved_nutrition"":null,""calorie_source"":null,""needs_review"":true},{""name"":""ネバネバとろーり豆腐 付属ドレッシング"",""quantity"":25.0,""quantity_text"":null,""unit"":""ml"",""notes"":null,""nutrition"":{""calories_kcal"":74.0,""protein_g"":0.7,""fat_g"":7.0,""carbs_g"":1.7,""basis"":""unknown""},""resolved_nutrition"":null,""calorie_source"":null,""needs_review"":true},{""name"":""シーチキン＆たまごのサラダ"",""quantity"":null,""quantity_text"":null,""unit"":null,""notes"":null,""nutrition"":{""calories_kcal"":73.0,""protein_g"":6.4,""fat_g"":3.7,""carbs_g"":4.5,""basis"":""unknown""},""resolved_nutrition"":null,""calorie_source"":null,""needs_review"":true},{""name"":""白米"",""quantity"":200.0,""quantity_text"":null,""unit"":""g"",""notes"":null,""nutrition"":{""calories_kcal"":336.0,""protein_g"":5.0,""fat_g"":0.6,""carbs_g"":74.2,""basis"":""unknown""},""resolved_nutrition"":{""calories_kcal"":260.0,""protein_g"":null,""fat_g"":null,""carbs_g"":null,""sugar_g"":null,""fiber_g"":null,""salt_g"":null},""calorie_source"":""generic"",""needs_review"":false},{""name"":""納豆"",""quantity"":1.0,""quantity_text"":null,""unit"":""パック"",""notes"":null,""nutrition"":{""calories_kcal"":90.0,""protein_g"":7.4,""fat_g"":4.5,""carbs_g"":5.4,""basis"":""unknown""},""resolved_nutrition"":{""calories_kcal"":90.0,""protein_g"":null,""fat_g"":null,""carbs_g"":null,""sugar_g"":null,""fiber_g"":null,""salt_g"":null},""calorie_source"":""generic"",""needs_review"":false},{""name"":""クノール カップスープ 野菜をとりこむポタージュ"",""quantity"":1.0,""quantity_text"":null,""unit"":""食"",""notes"":null,""nutrition"":{""calories_kcal"":69.0,""protein_g"":0.99,""fat_g"":2.4,""carbs_g"":11.0,""basis"":""unknown""},""resolved_nutrition"":null,""calorie_source"":null,""needs_review"":true}],""totals"":{""calories_kcal"":470.0,""protein_g"":null,""fat_g"":null,""carbs_g"":null}},""snacks"":{""items"":[{""name"":""SAVAS MILK PROTEIN 脂肪0 バニラ味"",""quantity"":200.0,""quantity_text"":null,""unit"":""ml"",""notes"":""17:00摂取"",""nutrition"":{""calories_kcal"":103.0,""protein_g"":15.0,""fat_g"":0.0,""carbs_g"":10.8,""basis"":""unknown""},""resolved_nutrition"":{""calories_kcal"":150.0,""protein_g"":null,""fat_g"":null,""carbs_g"":null,""sugar_g"":null,""fiber_g"":null,""salt_g"":null},""calorie_source"":""generic"",""needs_review"":false},{""name"":""ヤマザキ 串だんご つぶあん"",""quantity"":1.0,""quantity_text"":null,""unit"":""本"",""notes"":""18:00摂取"",""nutrition"":{""calories_kcal"":130.0,""protein_g"":2.2,""fat_g"":0.4,""carbs_g"":29.5,""basis"":""unknown""},""resolved_nutrition"":null,""calorie_source"":null,""needs_review"":true},{""name"":""ヤマザキ 串だんご つぶあん"",""quantity"":2.0,""quantity_text"":null,""unit"":""本"",""notes"":""19:00頃摂取"",""nutrition"":{""calories_kcal"":260.0,""protein_g"":4.4,""fat_g"":0.8,""carbs_g"":59.0,""basis"":""unknown""},""resolved_nutrition"":null,""calorie_source"":null,""needs_review"":true}],""totals"":{""calories_kcal"":150.0,""protein_g"":null,""fat_g"":null,""carbs_g"":null}},""drinks"":{""items"":[{""name"":""CRAFT BOSS カフェラテ"",""quantity"":280.0,""quantity_text"":null,""unit"":""ml"",""notes"":""仕事中に摂取"",""nutrition"":{""calories_kcal"":90.0,""protein_g"":1.7,""fat_g"":2.5,""carbs_g"":15.4,""basis"":""unknown""},""resolved_nutrition"":{""calories_kcal"":150.0,""protein_g"":null,""fat_g"":null,""carbs_g"":null,""sugar_g"":null,""fiber_g"":null,""salt_g"":null},""calorie_source"":""generic"",""needs_review"":false},{""name"":""レッドブル エナジードリンク"",""quantity"":250.0,""quantity_text"":null,""unit"":""ml"",""notes"":""19:00頃摂取"",""nutrition"":{""calories_kcal"":115.0,""protein_g"":0.0,""fat_g"":0.0,""carbs_g"":27.0,""basis"":""unknown""},""resolved_nutrition"":null,""calorie_source"":null,""needs_review"":true},{""name"":""GEORGIA 恵比寿ブラック 猿田彦珈琲"",""quantity"":500.0,""quantity_text"":null,""unit"":""ml"",""notes"":""21:00〜24:00の仕事中ドリンク"",""nutrition"":{""calories_kcal"":0.0,""protein_g"":0.0,""fat_g"":0.0,""carbs_g"":0.0,""basis"":""unknown""},""resolved_nutrition"":null,""calorie_source"":null,""needs_review"":true}],""totals"":{""calories_kcal"":150.0,""protein_g"":null,""fat_g"":null,""carbs_g"":null}}}","{""performed"":false,""program_name"":null,""workout_type"":null,""duration_minutes"":0,""notes"":null,""exercises"":[]}",imp_20260814_9db5daa17a35eab6,1.0
2026-08-15,NORMAL,恵比寿で会食,83.2,15364,S,8.0,伊藤園 理想のトマト,大戸屋 しまほっけの炭火焼き定食 ご飯大盛り、大戸屋 ばくだん小鉢,会食 野菜中心の料理,無糖コーヒー、ウイダー inバー プロテイン ベイクドチョコ,,1177.0,あり,右胸休養・下半身＋背中＋後肩＋腕＋体幹 / スクワット 60kg×8 / 80kg×5 / 90kg×2 / 105kg×8 / 105kg×8 / 105kg×8 / 105kg×8 / シーテッドロー 67.5kg×12 / 67.5kg×12 / 67.5kg×12 / レッグカール 82.5kg×6 / 75kg×6 / 75kg×10 / 75kg×10 / リアデルトフライ 47kg×15 / 49.5kg×15 / 49.5kg×15 / ダンベルカール 14kg×10 / 14kg×10 / 14kg×10 / 14kg×10 / レッグレイズ 20回 / 20回 / 20回,8.0,あり,ビール1杯、ハイボール約10杯、テキーラ6ショット,,0,"睡眠8時間
体重83.2kg
体調8/10
起床12時頃
歩数15,364歩
右胸の違和感を考慮して胸種目は完全休養
スクワット105kg 8回×4セット達成
夜は恵比寿で仕事関係の会食
食事は野菜中心
ビール1杯、ハイボール約10杯、テキーラ6ショット",75.0,903.0,,199.0,,0.0,medium,66,0.0,auto,12,6,8,10,10,10,8,2,82.6,32.1,134.0,1.0,1.0,6.0,24.0,70.0,"{""breakfast"":{""items"":[{""name"":""伊藤園 理想のトマト"",""quantity"":200.0,""quantity_text"":null,""unit"":""ml"",""notes"":null,""nutrition"":{""calories_kcal"":75.0,""protein_g"":3.3,""fat_g"":0.0,""carbs_g"":16.8,""basis"":""total""},""resolved_nutrition"":{""calories_kcal"":75.0,""protein_g"":3.3,""fat_g"":0.0,""carbs_g"":16.8,""basis"":""total""},""calorie_source"":""explicit"",""needs_review"":false}],""totals"":{""calories_kcal"":75.0,""protein_g"":3.3,""fat_g"":0.0,""carbs_g"":16.8}},""lunch"":{""items"":[{""name"":""大戸屋 しまほっけの炭火焼き定食 ご飯大盛り"",""quantity"":1.0,""quantity_text"":null,""unit"":""食"",""notes"":""通常612kcalにご飯大盛り差分約100kcalを加算"",""nutrition"":{""calories_kcal"":712.0,""protein_g"":47.5,""fat_g"":13.1,""carbs_g"":97.7,""basis"":""total""},""resolved_nutrition"":{""calories_kcal"":712.0,""protein_g"":47.5,""fat_g"":13.1,""carbs_g"":97.7,""basis"":""total""},""calorie_source"":""explicit"",""needs_review"":false},{""name"":""大戸屋 ばくだん小鉢"",""quantity"":1.0,""quantity_text"":null,""unit"":""食"",""notes"":null,""nutrition"":{""calories_kcal"":191.0,""protein_g"":16.0,""fat_g"":9.2,""carbs_g"":7.0,""basis"":""total""},""resolved_nutrition"":{""calories_kcal"":191.0,""protein_g"":16.0,""fat_g"":9.2,""carbs_g"":7.0,""basis"":""total""},""calorie_source"":""explicit"",""needs_review"":false}],""totals"":{""calories_kcal"":903.0,""protein_g"":63.5,""fat_g"":22.3,""carbs_g"":104.7}},""dinner"":{""items"":[{""name"":""会食 野菜中心の料理"",""quantity"":1.0,""quantity_text"":null,""unit"":""会食"",""notes"":""野菜中心でカロリー控えめの料理を選択。詳細量は計測不能"",""nutrition"":{""calories_kcal"":null,""protein_g"":null,""fat_g"":null,""carbs_g"":null,""basis"":""total""},""resolved_nutrition"":null,""calorie_source"":null,""needs_review"":true}],""totals"":{""calories_kcal"":null,""protein_g"":null,""fat_g"":null,""carbs_g"":null}},""snacks"":{""items"":[{""name"":""無糖コーヒー"",""quantity"":1.0,""quantity_text"":null,""unit"":""杯"",""notes"":null,""nutrition"":{""calories_kcal"":0.0,""protein_g"":0.0,""fat_g"":0.0,""carbs_g"":0.0,""basis"":""total""},""resolved_nutrition"":{""calories_kcal"":0.0,""protein_g"":0.0,""fat_g"":0.0,""carbs_g"":0.0,""basis"":""total""},""calorie_source"":""explicit"",""needs_review"":false},{""name"":""ウイダー inバー プロテイン ベイクドチョコ"",""quantity"":1.0,""quantity_text"":null,""unit"":""本"",""notes"":""ジム後に摂取"",""nutrition"":{""calories_kcal"":199.0,""protein_g"":15.8,""fat_g"":9.8,""carbs_g"":12.5,""basis"":""total""},""resolved_nutrition"":{""calories_kcal"":199.0,""protein_g"":15.8,""fat_g"":9.8,""carbs_g"":12.5,""basis"":""total""},""calorie_source"":""explicit"",""needs_review"":false}],""totals"":{""calories_kcal"":199.0,""protein_g"":15.8,""fat_g"":9.8,""carbs_g"":12.5}},""drinks"":{""items"":[],""totals"":{""calories_kcal"":null,""protein_g"":null,""fat_g"":null,""carbs_g"":null}}}","{""performed"":true,""program_name"":""右胸休養・下半身＋背中＋後肩＋腕＋体幹"",""workout_type"":""Strength"",""duration_minutes"":70,""notes"":""右胸を完全に休ませて実施。ウォームアップはトレッドミル傾斜MAX・5.0km/hを8分。カーフレイズは未実施。"",""exercises"":[{""exercise_order"":1,""name"":""スクワット"",""equipment"":null,""notes"":null,""sets"":[{""weight_kg"":60.0,""reps"":8,""rpe"":null,""completed"":true,""set_type"":""warmup"",""set_order"":1},{""weight_kg"":80.0,""reps"":5,""rpe"":null,""completed"":true,""set_type"":""warmup"",""set_order"":2},{""weight_kg"":90.0,""reps"":2,""rpe"":null,""completed"":true,""set_type"":""warmup"",""set_order"":3},{""weight_kg"":105.0,""reps"":8,""rpe"":null,""completed"":true,""set_type"":""working"",""set_order"":4},{""weight_kg"":105.0,""reps"":8,""rpe"":null,""completed"":true,""set_type"":""working"",""set_order"":5},{""weight_kg"":105.0,""reps"":8,""rpe"":null,""completed"":true,""set_type"":""working"",""set_order"":6},{""weight_kg"":105.0,""reps"":8,""rpe"":null,""completed"":true,""set_type"":""working"",""set_order"":7}]},{""exercise_order"":2,""name"":""シーテッドロー"",""equipment"":null,""notes"":null,""sets"":[{""weight_kg"":67.5,""reps"":12,""rpe"":null,""completed"":true,""set_type"":""working"",""set_order"":1},{""weight_kg"":67.5,""reps"":12,""rpe"":null,""completed"":true,""set_type"":""working"",""set_order"":2},{""weight_kg"":67.5,""reps"":12,""rpe"":null,""completed"":true,""set_type"":""working"",""set_order"":3}]},{""exercise_order"":3,""name"":""レッグカール"",""equipment"":null,""notes"":null,""sets"":[{""weight_kg"":82.5,""reps"":6,""rpe"":null,""completed"":true,""set_type"":""working"",""set_order"":1},{""weight_kg"":75.0,""reps"":6,""rpe"":null,""completed"":true,""set_type"":""working"",""set_order"":2},{""weight_kg"":75.0,""reps"":10,""rpe"":null,""completed"":true,""set_type"":""working"",""set_order"":3},{""weight_kg"":75.0,""reps"":10,""rpe"":null,""completed"":true,""set_type"":""working"",""set_order"":4}]},{""exercise_order"":4,""name"":""リアデルトフライ"",""equipment"":null,""notes"":null,""sets"":[{""weight_kg"":47.0,""reps"":15,""rpe"":null,""completed"":true,""set_type"":""working"",""set_order"":1},{""weight_kg"":49.5,""reps"":15,""rpe"":null,""completed"":true,""set_type"":""working"",""set_order"":2},{""weight_kg"":49.5,""reps"":15,""rpe"":null,""completed"":true,""set_type"":""working"",""set_order"":3}]},{""exercise_order"":5,""name"":""ダンベルカール"",""equipment"":null,""notes"":null,""sets"":[{""weight_kg"":14.0,""reps"":10,""rpe"":null,""completed"":true,""set_type"":""working"",""set_order"":1},{""weight_kg"":14.0,""reps"":10,""rpe"":null,""completed"":true,""set_type"":""working"",""set_order"":2},{""weight_kg"":14.0,""reps"":10,""rpe"":null,""completed"":true,""set_type"":""working"",""set_order"":3},{""weight_kg"":14.0,""reps"":10,""rpe"":null,""completed"":true,""set_type"":""working"",""set_order"":4}]},{""exercise_order"":6,""name"":""レッグレイズ"",""equipment"":null,""notes"":null,""sets"":[{""weight_kg"":null,""reps"":20,""rpe"":null,""completed"":true,""set_type"":""working"",""set_order"":1},{""weight_kg"":null,""reps"":20,""rpe"":null,""completed"":true,""set_type"":""working"",""set_order"":2},{""weight_kg"":null,""reps"":20,""rpe"":null,""completed"":true,""set_type"":""working"",""set_order"":3}]}]}",imp_20260815_b3243855687ca0d6,1.0
2026-08-16,NORMAL,,85.0,7000,C,7.0,,,,PR15 TEST 団子,,120.0,なし,なし,,なし,,なし,70,,,,,120.0,,0.0,low,46,0.0,auto,11,6,3,6,0,10,0,10,,,,0.0,0.0,0.0,0.0,,"{""breakfast"":{""items"":[],""totals"":{""calories_kcal"":null,""protein_g"":null,""fat_g"":null,""carbs_g"":null}},""lunch"":{""items"":[],""totals"":{""calories_kcal"":null,""protein_g"":null,""fat_g"":null,""carbs_g"":null}},""dinner"":{""items"":[],""totals"":{""calories_kcal"":null,""protein_g"":null,""fat_g"":null,""carbs_g"":null}},""snacks"":{""items"":[{""name"":""PR15 TEST 団子"",""quantity"":2.0,""unit"":""本"",""notes"":""従来自由文入力 / source=estimated; confidence=low"",""nutrition"":{""basis"":""total"",""calories_kcal"":120.0,""protein_g"":null,""fat_g"":null,""carbs_g"":null},""resolved_nutrition"":{""basis"":""total"",""calories_kcal"":120.0,""protein_g"":null,""fat_g"":null,""carbs_g"":null},""calorie_source"":""explicit"",""needs_review"":false}],""totals"":{""calories_kcal"":120.0,""protein_g"":null,""fat_g"":null,""carbs_g"":null}},""drinks"":{""items"":[],""totals"":{""calories_kcal"":null,""protein_g"":null,""fat_g"":null,""carbs_g"":null}}}","{""performed"":false,""program_name"":null,""workout_type"":null,""duration_minutes"":null,""notes"":null,""exercises"":[]}",imp_20260816_430002268b0c2c1c,1.0
2026-08-16,NORMAL,,85.0,7000,C,7.0,PR15 TEST 団子、PR15 TEST 団子、ホテル朝食ブッフェ、ホテル朝食ブッフェ,,,,,,なし,なし,,なし,,なし,70,,,,,,,0.0,low,40,,auto,11,0,3,6,0,10,0,10,,,,4.0,0.0,0.0,0.0,,"{""breakfast"":{""items"":[{""name"":""PR15 TEST 団子"",""quantity"":2.0,""unit"":""本"",""notes"":""source=user_label; confidence=high"",""nutrition"":{""basis"":""unknown"",""calories_kcal"":null,""protein_g"":null,""fat_g"":null,""carbs_g"":null},""resolved_nutrition"":null,""calorie_source"":null,""needs_review"":true},{""name"":""PR15 TEST 団子"",""quantity"":2.0,""unit"":""本"",""notes"":""source=user_label; confidence=high"",""nutrition"":{""basis"":""unknown"",""calories_kcal"":null,""protein_g"":null,""fat_g"":null,""carbs_g"":null},""resolved_nutrition"":null,""calorie_source"":null,""needs_review"":true},{""name"":""ホテル朝食ブッフェ"",""quantity"":1.0,""unit"":null,""notes"":""source=unknown; confidence=low"",""nutrition"":{""basis"":""unknown"",""calories_kcal"":null,""protein_g"":null,""fat_g"":null,""carbs_g"":null},""resolved_nutrition"":null,""calorie_source"":null,""needs_review"":true},{""name"":""ホテル朝食ブッフェ"",""quantity"":1.0,""unit"":null,""notes"":""source=estimated; confidence=low"",""nutrition"":{""basis"":""unknown"",""calories_kcal"":null,""protein_g"":null,""fat_g"":null,""carbs_g"":null},""resolved_nutrition"":null,""calorie_source"":null,""needs_review"":true}],""totals"":{""calories_kcal"":null,""protein_g"":null,""fat_g"":null,""carbs_g"":null}},""lunch"":{""items"":[],""totals"":{""calories_kcal"":null,""protein_g"":null,""fat_g"":null,""carbs_g"":null}},""dinner"":{""items"":[],""totals"":{""calories_kcal"":null,""protein_g"":null,""fat_g"":null,""carbs_g"":null}},""snacks"":{""items"":[],""totals"":{""calories_kcal"":null,""protein_g"":null,""fat_g"":null,""carbs_g"":null}},""drinks"":{""items"":[],""totals"":{""calories_kcal"":null,""protein_g"":null,""fat_g"":null,""carbs_g"":null}}}","{""performed"":false,""program_name"":null,""workout_type"":null,""duration_minutes"":null,""notes"":null,""exercises"":[]}",imp_20260816_982d84d15c96ae16,1.0
